BEGIN TRANSACTION;
INSERT INTO "progress_constructionimage" ("id","description","uploaded_at","structure_id_id","uploaded_by_id","acquisition_date","image") VALUES (9,'Sheet Pile Driving','2019-03-11 17:39:17.247397',120,1,'2019-03-11 23:39:17.237505','structures/2019/03/11/IMG_1631.JPG'),
 (10,'Apron Construction','2019-03-11 17:39:57.507412',120,1,'2019-03-11 23:39:57.487339','structures/2019/03/11/IMG_1763.JPG'),
 (11,'Compation','2019-03-11 17:55:02.001635',108,1,'2019-03-11 23:55:02.001635','structures/2019/03/11/IMG_20180318_141145.jpeg'),
 (12,'Excavaion by Excavator','2019-03-11 18:17:30.843164',116,1,'2019-03-12 00:17:30.833035','structures/2019/03/12/IMG_1581.JPG');
INSERT INTO "progress_progress_quantity" ("id","date","quantity","progress_item_id_id","user_id_id","document_id_id") VALUES (1,'',NULL,NULL,NULL,NULL),
 (2,'2019-02-11',NULL,NULL,NULL,NULL),
 (3,'',NULL,NULL,NULL,NULL),
 (4,'2019-02-11',10000,50,NULL,NULL),
 (5,'2019-02-11',2200,51,NULL,NULL),
 (6,'2019-02-18',25000,50,NULL,NULL),
 (7,'2019-02-18',4000,51,NULL,NULL),
 (8,'2019-03-09',35000,50,NULL,NULL),
 (9,'2019-03-09',11000,51,NULL,NULL),
 (10,'2019-03-09',45000,50,1,NULL),
 (11,'2019-03-09',78000,51,1,NULL),
 (12,'2019-03-09',35000,50,1,NULL),
 (13,'2019-03-09',11000,51,1,NULL),
 (14,'2019-03-09',45000,50,1,NULL),
 (15,'2019-03-09',23000,51,1,NULL),
 (16,'2019-03-09',47000,50,1,NULL),
 (17,'2019-03-09',20000,51,1,NULL),
 (18,'2019-03-09',11,2,1,NULL),
 (19,'2019-03-09',0,41,1,NULL),
 (20,'2019-03-09',0,42,1,NULL),
 (21,'2019-03-09',14,41,1,NULL),
 (22,'2019-03-09',15,42,1,NULL),
 (23,'2019-03-09',23,2,1,NULL),
 (24,'2019-03-09',50000,50,1,NULL),
 (25,'2019-03-09',40000,51,1,NULL),
 (26,'2019-03-12',12000,53,1,NULL);
INSERT INTO "progress_progressitem" ("id","item_name","quantity","weight","startdate","finishdate","intervention_id_id","unit") VALUES (1,'Earth Work for filling',12000,0.8,'2019-03-05','2019-03-05',NULL,'cum'),
 (2,'Conccreting',100,0.25,'2019-03-05','2019-03-05',104,'cum'),
 (3,'Earth work in filling',400,0.1,'2019-03-05','2019-03-05',NULL,'cum'),
 (4,'Earth work in filling',400,0.1,'2019-03-05','2019-03-05',NULL,'cum'),
 (5,'Earth work in filling',400,0.1,'2019-03-05','2019-03-05',NULL,'cum'),
 (6,'Earth work in filling',400,0.1,'2019-03-05','2019-03-05',NULL,'cum'),
 (7,'A first Item',100,70.995,'2019-03-06','2019-03-06',NULL,'test'),
 (8,'A first Item',100,70.995,'2019-03-06','2019-03-06',NULL,'test'),
 (9,'EW',1,1,'2019-03-06','2019-03-06',NULL,'1'),
 (10,'A first Item',10,0.9,'2019-03-06','2019-03-06',NULL,'eq'),
 (11,'A first Item',10,0.9,'2019-03-06','2019-03-06',NULL,'eq'),
 (12,'A second test',12,1,'2019-03-06','2019-03-06',NULL,'unknows'),
 (13,'A second test',12,1,'2019-03-06','2019-03-06',NULL,'unknows'),
 (14,'A second test',12,1,'2019-03-06','2019-03-06',NULL,'unknows'),
 (15,'A second test',12,1,'2019-03-06','2019-03-06',NULL,'unknows'),
 (16,'EW',12,1,'2019-03-06','2019-03-06',NULL,'234'),
 (17,'EW',12,1,'2019-03-06','2019-03-06',NULL,'234'),
 (18,'EW',NULL,NULL,'2019-03-06','2019-03-06',NULL,'1'),
 (19,'EW',NULL,NULL,'2019-03-06','2019-03-06',NULL,'4'),
 (20,'EW',NULL,NULL,'2019-03-06','2019-03-06',NULL,'4'),
 (21,'EW',NULL,NULL,'2019-03-06','2019-03-06',NULL,'4'),
 (22,'EW',NULL,NULL,'2019-03-06','2019-03-06',NULL,'1'),
 (23,'EW',NULL,NULL,'2019-03-06','2019-03-06',NULL,'1'),
 (24,'EW',NULL,NULL,'2019-03-06','2019-03-06',NULL,'6'),
 (25,'EW',NULL,NULL,'2019-03-06','2019-03-06',NULL,'4'),
 (26,'EW',NULL,NULL,'2019-03-06','2019-03-06',NULL,'4'),
 (27,'EW',NULL,NULL,'2019-03-06','2019-03-06',NULL,'kw'),
 (28,'EW',NULL,NULL,'2019-03-06','2019-03-06',NULL,'kwh'),
 (29,'ert',NULL,NULL,'2019-03-06','2019-03-06',NULL,'honuman'),
 (30,'ert',NULL,NULL,'2019-03-06','2019-03-06',NULL,'honuman'),
 (31,'habijabi',NULL,NULL,'2019-03-06','2019-03-06',NULL,'anumanik'),
 (32,'Yei jindegi usi ki hai',NULL,NULL,'2019-03-06','2019-03-06',NULL,'lata'),
 (33,'har ram har ram',NULL,NULL,'2019-03-06','2019-03-06',NULL,'s d barman'),
 (34,'EW',23,NULL,'2019-03-06','2019-03-06',NULL,'woh kon th'),
 (35,'EW',44.999,NULL,'2019-03-06','2019-03-06',NULL,'woh kon th'),
 (36,'EW',NULL,NULL,'2019-03-06','2019-03-06',NULL,'howa'),
 (39,'Another test item',12,123,'2019-03-06','2019-03-06',NULL,'wer'),
 (41,'EW',NULL,NULL,'2019-03-06','2019-03-06',104,'qe'),
 (42,'EW',NULL,NULL,'2019-03-06','2019-03-06',104,'take this'),
 (45,'Ring dyke',796.31,0.6,'2019-03-06','2019-03-06',106,'cum'),
 (46,'Excavatio',5208.35,6.84,'2019-03-06','2019-03-06',106,'cum'),
 (47,'Manufacturing CC Block',13344,24.11,'2019-03-06','2019-03-06',106,'Nos'),
 (48,'Sheet pile supply and driving',134.68,15.33,'2019-03-06','2019-03-06',106,'meter'),
 (49,'Ring dyke',796.31,0.6,'2019-03-06','2019-03-06',108,'cum'),
 (50,'Earth Work',256912.018,0.6,'2019-03-07','2019-03-07',120,'cum'),
 (51,'CC Block',92477,0.4,'2019-03-07','2019-03-07',120,'Nos'),
 (52,'Earth Filling',2953,0.15,'2019-03-07','2019-03-07',113,'cum'),
 (53,'Earth woork in cutting',45000,0.25,'2019-03-07','2019-03-07',114,'cum'),
 (54,'EW',NULL,NULL,'2019-03-12','2019-03-12',106,'urut');
INSERT INTO "progress_document" ("id","description","uploaded_at","uploaded_by_id","document") VALUES (1,NULL,'2019-02-27 12:22:33.243794',1,'documents/google_map_of_River_bank_erosion_of_Gorai_River_3xoNNCr.jpg'),
 (2,NULL,'2019-02-27 12:32:43.871709',1,'documents/google_map_of_River_bank_erosion_of_Gorai_River_OHx9J3N.jpg'),
 (3,NULL,'2019-02-27 12:33:10.711088',1,'documents/Vulnerable_Area.jpg'),
 (4,NULL,'2019-02-27 12:42:48.161572',1,'documents/Emergency_Index_Map.jpg'),
 (5,NULL,'2019-02-27 12:43:35.218948',1,'documents/NationalId.jpg'),
 (6,NULL,'2019-02-27 12:46:58.006056',1,'documents/Capture_01rfAjx.PNG'),
 (7,NULL,'2019-02-27 13:43:54.341878',1,'documents/2019/02/Capture.PNG'),
 (8,NULL,'2019-02-27 15:05:00.144668',1,'documents/2019/02/index.jpg');
INSERT INTO "progress_contractor" ("id","farm_name","first_name","last_name","phone_number","email","address","Vat_registration","TIN_No","egp_id","national_id","tradelicense") VALUES (1,'AKA-UCL(JV)','XXX','YYY','+8801971812157','joadali58@gmail.com',NULL,NULL,NULL,'','',NULL),
 (2,'ARC-LT-JV','XXX','YYY','+8801711171577','arcltjv1@gmail.com',NULL,NULL,NULL,'','',NULL),
 (3,'PMPL-LA-TTSL (JV)','XXX','333','+8801531269142','pmpllattsljv@gmail.com',NULL,NULL,NULL,'','',NULL),
 (4,'MARCO-MONIR(JV)','XXX','444','+8801711161835','nirjv@yahoo.com',NULL,NULL,NULL,'','',NULL),
 (5,'ARC-GE(JV)','XXX','YYY','+8801711171577','mdruhulamin1968@gmail.com','Badurtola,Comilla',NULL,NULL,'','',NULL),
 (7,'TI-FB JV','xxx','xxx','+8801712201481','tifbjv@gmail.com',NULL,NULL,NULL,'','',NULL);
INSERT INTO "progress_worktype" ("id","wtype") VALUES (1,'EMB'),
 (2,'SUBEMB'),
 (3,'EXKHL'),
 (4,'EXRIV'),
 (5,'REG'),
 (6,'CASW'),
 (7,'IRIN'),
 (8,'WMGO'),
 (9,'BOXSL');
INSERT INTO "progress_contract_intervention" ("id","consultant_eng_id_id","contract_component_id_id","contract_id_id","dpp_intervention_id_id","exen_id_id","field_eng_id_id","sde_id_id","site_eng_id_id","so_id_id") VALUES (104,NULL,5,2,13,NULL,NULL,NULL,NULL,NULL),
 (106,NULL,1,11,33,NULL,NULL,NULL,NULL,NULL),
 (108,NULL,2,11,373,NULL,NULL,NULL,NULL,NULL),
 (109,NULL,1,12,34,NULL,NULL,NULL,NULL,NULL),
 (110,NULL,2,12,374,NULL,NULL,NULL,NULL,NULL),
 (111,NULL,1,11,36,NULL,NULL,NULL,NULL,NULL),
 (112,NULL,1,1,20,4,NULL,NULL,NULL,NULL),
 (113,NULL,2,1,1,4,NULL,NULL,NULL,NULL),
 (114,NULL,3,1,287,NULL,NULL,NULL,NULL,NULL),
 (115,NULL,3,1,288,4,NULL,NULL,NULL,NULL),
 (116,NULL,3,1,289,NULL,NULL,NULL,4,NULL),
 (117,NULL,3,1,290,4,NULL,NULL,NULL,NULL),
 (118,NULL,3,1,375,NULL,NULL,NULL,NULL,NULL),
 (119,NULL,1,22,59,5,NULL,NULL,NULL,NULL),
 (120,NULL,NULL,21,12,5,NULL,NULL,NULL,NULL),
 (121,NULL,2,3,24,4,NULL,NULL,NULL,NULL),
 (122,NULL,2,3,25,4,NULL,NULL,NULL,NULL),
 (123,NULL,3,3,26,4,NULL,NULL,NULL,NULL),
 (124,NULL,2,3,5,4,NULL,NULL,NULL,NULL);
INSERT INTO "progress_dpp_intervention" ("id","name","start_chainage","finish_chainage","length","volume","vent_no","dpp_cost","haor_id_id","worktype_id_id") VALUES (1,'Submersible Embankment from 11.95 to 12.33=0.315 Km',11.95,12.23,0.315,NULL,NULL,NULL,5,2),
 (2,'Submersible Embankment from 0.000 to 38.130',0,38.13,3.879,NULL,NULL,NULL,1,2),
 (4,'Submersible Embankment from 7.366 to 17.749 Part-A',7.369,17.749,10.383,NULL,NULL,NULL,8,2),
 (5,'Submersible Embankment from 0.007 to 6.541 Part-B',0.007,6.541,6.534,NULL,NULL,NULL,8,2),
 (6,'Submersible Embankment from 0 to 19.377 Part-C',0,19.377,12.214,NULL,NULL,NULL,8,2),
 (7,'Submersible Embankment from 0 to 28.900 Part-A',0,28.9,26.942,NULL,NULL,NULL,2,2),
 (8,'Submersible Embankment from 0.000 to 44.200 Part-B',0,44.2,36.104,NULL,NULL,NULL,2,2),
 (9,'Submersible Embankment from 0 to 33.150',0,33.15,2.38,NULL,NULL,NULL,11,2),
 (11,'Submersible Embankment from 9.770 to 54.480',9.77,54.48,23.17,NULL,NULL,NULL,12,2),
 (12,'Submersible Embankment from 0.000 to 84.290',0,84.29,23.815,NULL,NULL,NULL,13,2),
 (13,'Submersible Embankment from 0.000 to 71.710',0,71.71,42.05,NULL,NULL,NULL,4,2),
 (15,'Submersible Embankment from 2.470 to 16.170',2.47,16.17,4.51,NULL,NULL,NULL,10,2),
 (16,'Submersible Embankment from 0.70 to 26.80',0,26.8,20.94,NULL,NULL,NULL,7,2),
 (17,'Submersible Embankment from 4.67 to 30.29',4.67,30.29,0.315,NULL,NULL,NULL,3,2),
 (20,'Construction of 2-vent Bata Khal Regulator at 12.09 km',12.09,12.09,0,0,2,0,5,5),
 (21,'4-vent Goroi Regulator at  km 12.18 in Mahidra Khal in Nunnir Haor sub-project',12.18,12.18,0,0,4,0,8,5),
 (22,'3-vent Chatla Regulator in 15.3 km at Kata khal in Nunnir Haor Sub-project',15.3,15.3,0,0,-2,0,8,5),
 (23,'1-Vent Rasulpur  Regulator at Km 23.85 at Katakhali Khal in Nunnir Haor Project',23.85,23.85,0,0,1,0,8,5),
 (24,'1-Vent Sahapur Regulator at Km 2.62 in Northern depresion  in Nunnir Haor Project',3.2,3.2,0,0,3,0,8,5),
 (25,'3-Vent Subulkandi  Regulator at Km 6.20 in Southern Depresion Nunnir Haor Project',6.2,6.2,0,0,3,0,8,5),
 (26,'3-Vent Regulator at Km0.78 in Samarbari Khal in Nunnir Haor Project',0.78,0.78,0,0,3,0,8,5),
 (27,'14-Vent Digha River Regulator at Km14.1 in Digha River in Boro Haor Project',14.1,14.1,0,0,14,0,1,5),
 (28,'2-Vent Dampara Khal Regulator at Km 17.10 in Dampara Khal Boro Haor Project',17.1,17.1,0,0,1,0,1,5),
 (29,'1-Vent Karpasha Khal Regulator at Km 19,90 in Karpasha Khal inBoro Haor Project',19.9,19.9,0,0,2,0,1,5),
 (30,'2-Vent Baniyajan  Regulator at Km 23.40  in Bniyajan Khal in Boro Haor Project',23.4,23.4,0,0,2,0,1,5),
 (31,'1-Vent Hazirkahli Regulator at Km1.64 in Hazirkhali Khal in Boro Haor Project',35.2,35.2,0,0,14,0,1,5),
 (32,'4-Vent Mohorkona Khal Regulator at Km 1.64 in Mohorkona Khal in Noapara Haor Project',1.64,1.64,0,0,4,0,14,5),
 (33,'3-Vent Naluar Khal Regulator at Km 4.64 in Naluar Kal in Noapara Haor Project',4.77,4.77,0,0,1,0,14,5),
 (34,'1-Vent Gazipur Regulator at Km 12.34 in Gazipur Depresion in Noapara Haor Project',12.34,12.34,0,0,2,0,14,5),
 (36,'1-vent Jalalpur Regulator at  22.64 km in Jalalpur Khal in Noapara Haor Sub-project',22.64,22.64,0,0,4,0,14,5),
 (37,'1-Vent Regulator at Km4.07 in Naogaon Haor Project ',2.09,2.09,0,0,1,0,2,5),
 (38,'2-Vent Regulator at Km6.04 in Naogaon Haor Project ',4.07,4.07,0,0,2,0,2,5),
 (39,'2-Vent Regulator at Km5.56 in Naogaon Haor Project ',6.04,6.04,0,0,2,0,2,5),
 (40,'2-Vent Regulator at Km14.52 in Naogaon Haor Project ',5.56,5.56,0,0,2,0,2,5),
 (41,'2-Vent Regulator at Km33.8 in Naogaon Haor Project ',14.52,14.52,0,0,2,0,2,5),
 (42,'3-Vent Regulator at Km44.15 in Naogaon Haor Project ',33.8,33.8,0,0,3,0,2,5),
 (43,'4-Vent Regulator at Km16.1 in Naogaon Haor Project ',44.15,44.15,0,0,4,0,2,5),
 (44,'1-Vent Regulator at Km24 in Badla Haor Project ',16.1,16.1,0,0,1,0,7,5),
 (45,'2-Vent Regulator at Km5.73 in Badla Haor Project ',24,24,0,0,2,0,7,5),
 (46,'2-Vent Regulator at Km12.25 in Chatal Haor Project ',5.73,5.73,0,0,2,0,10,5),
 (47,'2-Vent Regulator at Km23.19 in Chatal Haor Project ',12.25,12.25,0,0,2,0,10,5),
 (48,'5-Vent Regulator at Km5.13 in Dakhshiner Haor Project ',23.19,23.19,0,0,5,0,9,5),
 (49,'1-Vent Regulator at Km8.24 in Suniar Haor Project ',5.13,5.13,0,0,1,0,6,5),
 (50,'1-Vent Regulator at Km16.17 in Suniar Haor Project ',8.24,8.24,0,0,1,0,6,5),
 (51,'1-Vent Regulator at Km17.74 in Suniar Haor Project ',16.17,16.17,0,0,1,0,6,5),
 (52,'6-Vent Regulator at Km33.69 in Suniar Haor Project ',17.74,17.74,0,0,6,0,6,5),
 (53,'1-Vent Chargaodi Regulator at Km 33.69 in Charrgaodi Khal in Mokhar Haor Project',33.69,33.69,0,0,1,0,13,5),
 (54,'1-Vent Choto Katari Khal Regulator at Km 35.97 in Choto Katari Khal in Mokhar Haor Project',35.97,35.97,0,0,1,0,13,5),
 (55,'1-Vent Islampur Khal Regulator at Km 46.9 in Islampur Khal in Mokhar Haor Project',46.9,46.9,0,0,1,0,13,5),
 (56,'4-Vent Soabil Khal Regulator at Km 51.58 in Soabil Khal in Mokhar Haor Project',51.58,51.58,0,0,4,0,13,5),
 (57,'2-Vent Titer Depresion Regulator at Km 65.45 in Titer Depresion in Mokhar Haor Project',65.45,65.45,0,0,2,0,13,5),
 (58,'1-Vent Chandkhali Khal Regulator at Km 72.66 in Chandkhali Khal in Mokhar Haor Project',72.66,72.66,0,0,1,0,13,5),
 (59,'1-Vent Boranbil Khal Regulator at Km 81.20 in Boranbil Khal in Mokhar Haor Project',81.2,81.2,0,0,1,0,13,5),
 (60,'1-Vent Regulator at Km18.02 in Ganesh Haor Project ',7.61,7.61,0,0,1,0,11,5),
 (61,'1-Vent Regulator at Km27.27 in Ganesh Haor Project ',18.02,18.02,0,0,1,0,11,5),
 (62,'1-Vent Regulator at Km29.67 in Ganesh Haor Project ',27.27,27.27,0,0,1,0,11,5),
 (63,'4-Vent Regulator at Km22.27 in Ganesh Haor Project ',29.67,29.67,0,0,4,0,11,5),
 (64,'2-Vent Regulator at Km34.28 in Dharmapasha Rui Beel Project ',22.27,22.27,0,0,2,0,4,5),
 (65,'2-Vent Regulator at Km47.31 in Dharmapasha Rui Beel Project ',34.28,34.28,0,0,2,0,4,5),
 (66,'2-Vent Regulator at Km54.42 in Dharmapasha Rui Beel Project ',47.31,47.31,0,0,2,0,4,5),
 (67,'4-Vent Regulator at Km2.07 in Dharmapasha Rui Beel Project ',54.42,54.42,0,0,4,0,4,5),
 (68,'1-Vent Regulator at Km5 in Jaliar Haor Project ',2.07,2.07,0,0,1,0,3,5),
 (69,'2-Vent Regulator at Km9.25 in Jaliar Haor Project ',5,5,0,0,2,0,3,5),
 (70,'3-Vent Regulator at Km15.64 in Jaliar Haor Project ',9.25,9.25,0,0,3,0,3,5),
 (71,'1-Vent Regulator at Km20.77 in Dhakua Haor Project ',15.64,15.64,0,0,1,0,12,5),
 (72,'1-Vent Regulator at Km24.16 in Dhakua Haor Project ',20.77,20.77,0,0,1,0,12,5),
 (73,'1-Vent Regulator at Km25.72 in Dhakua Haor Project ',24.16,24.16,0,0,1,0,12,5),
 (74,'1-Vent Regulator at Km26.45 in Dhakua Haor Project ',25.72,25.72,0,0,1,0,12,5),
 (75,'2-Vent Regulator at Km27.51 in Dhakua Haor Project ',26.45,26.45,0,0,2,0,12,5),
 (76,'2-Vent Regulator at Km in Dhakua Haor Project ',27.51,27.51,0,0,2,0,12,5),
 (77,'4m causeway at km 21.77 in Nunnir Haor Project ',21.77,21.77,0,0,4,0,8,6),
 (78,'4m causeway at km 14.05 in Boro Haor Project',14.05,14.05,0,0,4,0,1,6),
 (79,'4m causeway at km 27 in Boro Haor Project',27,27,0,0,4,0,1,6),
 (80,'6m causeway at km 33.3 in Boro Haor Project',33.3,33.3,0,0,6,0,1,6),
 (81,'4m causeway at km 23.38 in Noapara Haor Project ',23.38,23.38,0,0,4,0,14,6),
 (82,'4m causeway at km 12.44 in Naogaon Haor Project ',12.44,12.44,0,0,4,0,2,6),
 (83,'4m causeway at km 24.06 in Naogaon Haor Project ',24.06,24.06,0,0,4,0,2,6),
 (84,'4m causeway at km 39.07 in Naogaon Haor Project ',39.07,39.07,0,0,4,0,2,6),
 (85,'6m causeway at km 44.2 in Naogaon Haor Project ',44.2,44.2,0,0,6,0,2,6),
 (86,'4m causeway at km 7.15 in Badla Haor Project ',7.15,7.15,0,0,4,0,7,6),
 (87,'4m causeway at km 0.02 in Dakhshiner Haor Project ',0.02,0.02,0,0,4,0,9,6),
 (88,'6m causeway at km 12.38 in Dakhshiner Haor Project ',12.38,12.38,0,0,6,0,9,6),
 (89,'6m causeway at km 23.46 in Dakhshiner Haor Project ',23.46,23.46,0,0,6,0,9,6),
 (90,'4m causeway at km 17.71 in Suniar Haor Project ',17.71,17.71,0,0,4,0,6,6),
 (91,'4m causeway at km 9.84 in Suniar Haor Project ',9.84,9.84,0,0,4,0,6,6),
 (92,'4m causeway at km 17.28 in Mokhar Haor Project ',17.28,17.28,0,0,4,0,13,6),
 (93,'4m causeway at km 42.78 in Mokhar Haor Project ',42.78,42.78,0,0,4,0,13,6),
 (94,'6m causeway at km 69.7 in Mokhar Haor Project ',69.7,69.7,0,0,6,0,13,6),
 (95,'6m causeway at km 70.6 in Mokhar Haor Project ',70.6,70.6,0,0,6,0,13,6),
 (96,'4m causeway at km 3.1 in Dharmapasha Rui Beel Project ',3.1,3.1,0,0,4,0,4,6),
 (97,'4m causeway at km 12.56 in Dharmapasha Rui Beel Project ',12.56,12.56,0,0,4,0,4,6),
 (98,'4m causeway at km 22.27 in Dharmapasha Rui Beel Project ',22.27,22.27,0,0,4,0,4,6),
 (99,'4m causeway at km 26.98 in Dharmapasha Rui Beel Project ',26.98,26.98,0,0,4,0,4,6),
 (100,'4m causeway at km 27.77 in Dharmapasha Rui Beel Project ',27.77,27.77,0,0,4,0,4,6),
 (101,'6m causeway at km 38.74 in Dharmapasha Rui Beel Project ',38.74,38.74,0,0,6,0,4,6),
 (102,'4m causeway at km 0.1 in Jaliar Haor Project ',0.1,0.1,0,0,4,0,3,6),
 (103,'4m causeway at km 0.4 in Jaliar Haor Project ',0.4,0.4,0,0,4,0,3,6),
 (104,'4m causeway at km 1.54 in Jaliar Haor Project ',1.54,1.54,0,0,4,0,3,6),
 (105,'4m causeway at km 3.46 in Jaliar Haor Project ',3.46,3.46,0,0,4,0,3,6),
 (106,'4m causeway at km 6.33 in Jaliar Haor Project ',6.33,6.33,0,0,4,0,3,6),
 (107,'4m causeway at km 9.24 in Jaliar Haor Project ',9.24,9.24,0,0,4,0,3,6),
 (108,'6m causeway at km 12.3 in Jaliar Haor Project ',12.3,12.3,0,0,6,0,3,6),
 (109,'4m causeway at km 4.93 in Dhakua Haor Project ',4.93,4.93,0,0,4,0,12,6),
 (110,'4m causeway at km 16.33 in Dhakua Haor Project ',16.33,16.33,0,0,4,0,12,6),
 (111,'6m causeway at km 18.56 in Dhakua Haor Project ',18.56,18.56,0,0,6,0,12,6),
 (112,'Box Sluice at Km7.74 in Nunnir Haor Project ',7.74,7.74,0,0,0,0,8,9),
 (113,'Box Sluice at Km14 in Boro Haor Project',14,14,0,0,0,0,1,9),
 (114,'Box Sluice at Km10.48 in Noapara Haor Project ',10.48,10.48,0,0,0,0,14,9),
 (115,'Box Sluice at Km11.17 in Noapara Haor Project ',11.17,11.17,0,0,0,0,14,9),
 (116,'Box Sluice at Km6.65 in Naogaon Haor Project ',6.65,6.65,0,0,0,0,2,9),
 (117,'Box Sluice at Km9.39 in Naogaon Haor Project ',9.39,9.39,0,0,0,0,2,9),
 (118,'Box Sluice at Km11.21 in Naogaon Haor Project ',11.21,11.21,0,0,0,0,2,9),
 (119,'Box Sluice at Km13.7 in Naogaon Haor Project ',13.7,13.7,0,0,0,0,2,9),
 (120,'Box Sluice at Km18.24 in Naogaon Haor Project ',18.24,18.24,0,0,0,0,2,9),
 (121,'Box Sluice at Km19.5 in Badla Haor Project ',19.5,19.5,0,0,0,0,7,9),
 (122,'Box Sluice at Km22.3 in Badla Haor Project ',22.3,22.3,0,0,0,0,7,9),
 (123,'Box Sluice at Km23.6 in Badla Haor Project ',23.6,23.6,0,0,0,0,7,9),
 (124,'Box Sluice at Km2.74 in Chatal Haor Project ',2.74,2.74,0,0,0,0,10,9),
 (125,'Box Sluice at Km24.23 in Dakhshiner Haor Project ',24.23,24.23,0,0,0,0,9,9),
 (126,'Box Sluice at Km50.01 in Mokhar Haor Project ',50.01,50.01,0,0,0,0,13,9),
 (127,'Box Sluice at Km60.35 in Mokhar Haor Project ',60.35,60.35,0,0,0,0,13,9),
 (128,'Box Sluice at Km63.25 in Mokhar Haor Project ',63.25,63.25,0,0,0,0,13,9),
 (129,'Box Sluice at Km70.5 in Mokhar Haor Project ',70.5,70.5,0,0,0,0,13,9),
 (130,'Box Sluice at Km76.38 in Mokhar Haor Project ',76.38,76.38,0,0,0,0,13,9),
 (131,'Box Sluice at Km77.61 in Mokhar Haor Project ',77.61,77.61,0,0,0,0,13,9),
 (132,'Box Sluice at Km79.24 in Mokhar Haor Project ',79.24,79.24,0,0,0,0,13,9),
 (133,'Box Sluice at Km79.75 in Mokhar Haor Project ',79.75,79.75,0,0,0,0,13,9),
 (134,'Box Sluice at Km81.03 in Mokhar Haor Project ',81.03,81.03,0,0,0,0,13,9),
 (135,'Box Sluice at Km15.16 in Ganesh Haor Project ',15.16,15.16,0,0,0,0,11,9),
 (136,'Box Sluice at Km24.58 in Ganesh Haor Project ',24.58,24.58,0,0,0,0,11,9),
 (137,'Box Sluice at Km1.75 in Dharmapasha Rui Beel Project ',1.75,1.75,0,0,0,0,4,9),
 (138,'Box Sluice at Km7.8 in Dharmapasha Rui Beel Project ',7.8,7.8,0,0,0,0,4,9),
 (139,'Box Sluice at Km33.08 in Dharmapasha Rui Beel Project ',33.08,33.08,0,0,0,0,4,9),
 (140,'Box Sluice at Km40.66 in Dharmapasha Rui Beel Project ',40.66,40.66,0,0,0,0,4,9),
 (141,'Box Sluice at Km43.13 in Dharmapasha Rui Beel Project ',43.13,43.13,0,0,0,0,4,9),
 (142,'Box Sluice at Km48.05 in Dharmapasha Rui Beel Project ',48.05,48.05,0,0,0,0,4,9),
 (143,'Box Sluice at Km3.45 in Jaliar Haor Project ',3.45,3.45,0,0,0,0,3,9),
 (144,'Box Sluice at Km3.56 in Jaliar Haor Project ',3.56,3.56,0,0,0,0,3,9),
 (145,'Box Sluice at Km4.73 in Jaliar Haor Project ',4.73,4.73,0,0,0,0,3,9),
 (146,'Box Sluice at Km6.63 in Jaliar Haor Project ',6.63,6.63,0,0,0,0,3,9),
 (147,'Box Sluice at Km24.7 in Jaliar Haor Project ',24.7,24.7,0,0,0,0,3,9),
 (148,'Box Sluice at Km1 in Jaliar Haor Project ',1,1,0,0,0,0,3,9),
 (149,'Box Sluice at Km12.64 in Jaliar Haor Project ',12.64,12.64,0,0,0,0,3,9),
 (150,'Box Sluice at Km14.72 in Dhakua Haor Project ',14.72,14.72,0,0,0,0,12,9),
 (151,'Box Sluice at Km19.93 in Dhakua Haor Project ',19.93,19.93,0,0,0,0,12,9),
 (152,'Box Sluice at Km28.2 in Dhakua Haor Project ',28.2,28.2,0,0,0,0,12,9),
 (153,'Box Sluice at Km50.74 in Dhakua Haor Project ',50.74,50.74,0,0,0,0,12,9),
 (154,'Box Sluice at Km53.78 in Dhakua Haor Project ',53.78,53.78,0,0,0,0,12,9),
 (155,'Box Sluice at Km55.4 in Dhakua Haor Project ',55.4,55.4,0,0,0,0,12,9),
 (156,'Irrigation Inlet No-1 in  Nunnir Haor Project ',0,0,0,0,0,0,8,7),
 (157,'Irrigation Inlet No-2 in  Nunnir Haor Project ',0,0,0,0,0,0,8,7),
 (158,'Irrigation Inlet No-3 in  Nunnir Haor Project ',0,0,0,0,0,0,8,7),
 (159,'Irrigation Inlet No-4 in  Nunnir Haor Project ',0,0,0,0,0,0,8,7),
 (160,'Irrigation Inlet No-5 in  Nunnir Haor Project ',0,0,0,0,0,0,8,7),
 (161,'Irrigation Inlet No-6 in  Nunnir Haor Project ',0,0,0,0,0,0,8,7),
 (162,'Irrigation Inlet No-7 in  Nunnir Haor Project ',0,0,0,0,0,0,8,7),
 (163,'Irrigation Inlet No-8 in  Nunnir Haor Project ',0,0,0,0,0,0,8,7),
 (164,'Irrigation Inlet No-9 in  Nunnir Haor Project ',0,0,0,0,0,0,8,7),
 (165,'Irrigation Inlet No-10 in  Nunnir Haor Project ',0,0,0,0,0,0,8,7),
 (166,'Irrigation Inlet No-11 in  Nunnir Haor Project ',0,0,0,0,0,0,8,7),
 (167,'Irrigation Inlet No-12 in  Nunnir Haor Project ',0,0,0,0,0,0,8,7),
 (168,'Irrigation Inlet No-13 in  Nunnir Haor Project ',0,0,0,0,0,0,8,7),
 (169,'Irrigation Inlet No-14 in  Nunnir Haor Project ',0,0,0,0,0,0,8,7),
 (170,'Irrigation Inlet No-15 in  Nunnir Haor Project ',0,0,0,0,0,0,8,7),
 (171,'Irrigation Inlet No-16 in  Boro Haor Project',0,0,0,0,0,0,1,7),
 (172,'Irrigation Inlet No-17 in  Boro Haor Project',0,0,0,0,0,0,1,7),
 (173,'Irrigation Inlet No-18 in  Boro Haor Project',0,0,0,0,0,0,1,7),
 (174,'Irrigation Inlet No-19 in  Boro Haor Project',0,0,0,0,0,0,1,7),
 (175,'Irrigation Inlet No-20 in  Boro Haor Project',0,0,0,0,0,0,1,7),
 (176,'Irrigation Inlet No-21 in  Boro Haor Project',0,0,0,0,0,0,1,7),
 (177,'Irrigation Inlet No-22 in  Boro Haor Project',0,0,0,0,0,0,1,7),
 (178,'Irrigation Inlet No-23 in  Noapara Haor Project ',0,0,0,0,0,0,14,7),
 (179,'Irrigation Inlet No-24 in  Noapara Haor Project ',0,0,0,0,0,0,14,7),
 (180,'Irrigation Inlet No-25 in  Noapara Haor Project ',0,0,0,0,0,0,14,7),
 (181,'Irrigation Inlet No-26 in  Noapara Haor Project ',0,0,0,0,0,0,14,7),
 (182,'Irrigation Inlet No-27 in  Noapara Haor Project ',0,0,0,0,0,0,14,7),
 (183,'Irrigation Inlet No-28 in  Noapara Haor Project ',0,0,0,0,0,0,14,7),
 (184,'Irrigation Inlet No-29 in  Noapara Haor Project ',0,0,0,0,0,0,14,7),
 (185,'Irrigation Inlet No-30 in  Noapara Haor Project ',0,0,0,0,0,0,14,7),
 (186,'Irrigation Inlet No-31 in  Noapara Haor Project ',0,0,0,0,0,0,14,7),
 (187,'Irrigation Inlet No-32 in  Noapara Haor Project ',0,0,0,0,0,0,14,7),
 (188,'Irrigation Inlet No-33 in  Noapara Haor Project ',0,0,0,0,0,0,14,7),
 (189,'Irrigation Inlet No-34 in  Noapara Haor Project ',0,0,0,0,0,0,14,7),
 (190,'Irrigation Inlet No-35 in  Noapara Haor Project ',0,0,0,0,0,0,14,7),
 (191,'Irrigation Inlet No-36 in  Noapara Haor Project ',0,0,0,0,0,0,14,7),
 (192,'Irrigation Inlet No-37 in  Naogaon Haor Project ',0,0,0,0,0,0,2,7),
 (193,'Irrigation Inlet No-38 in  Naogaon Haor Project ',0,0,0,0,0,0,2,7),
 (194,'Irrigation Inlet No-39 in  Naogaon Haor Project ',0,0,0,0,0,0,2,7),
 (195,'Irrigation Inlet No-40 in  Naogaon Haor Project ',0,0,0,0,0,0,2,7),
 (196,'Irrigation Inlet No-41 in  Naogaon Haor Project ',0,0,0,0,0,0,2,7),
 (197,'Irrigation Inlet No-42 in  Naogaon Haor Project ',0,0,0,0,0,0,2,7),
 (198,'Irrigation Inlet No-43 in  Naogaon Haor Project ',0,0,0,0,0,0,2,7),
 (199,'Irrigation Inlet No-44 in  Naogaon Haor Project ',0,0,0,0,0,0,2,7),
 (200,'Irrigation Inlet No-45 in  Naogaon Haor Project ',0,0,0,0,0,0,2,7),
 (201,'Irrigation Inlet No-46 in  Naogaon Haor Project ',0,0,0,0,0,0,2,7),
 (202,'Irrigation Inlet No-47 in  Naogaon Haor Project ',0,0,0,0,0,0,2,7),
 (203,'Irrigation Inlet No-48 in  Naogaon Haor Project ',0,0,0,0,0,0,2,7),
 (204,'Irrigation Inlet No-49 in  Naogaon Haor Project ',0,0,0,0,0,0,2,7),
 (205,'Irrigation Inlet No-50 in  Naogaon Haor Project ',0,0,0,0,0,0,2,7),
 (206,'Irrigation Inlet No-51 in  Naogaon Haor Project ',0,0,0,0,0,0,2,7),
 (207,'Irrigation Inlet No-52 in  Naogaon Haor Project ',0,0,0,0,0,0,2,7),
 (208,'Irrigation Inlet No-53 in  Naogaon Haor Project ',0,0,0,0,0,0,2,7),
 (209,'Irrigation Inlet No-54 in  Naogaon Haor Project ',0,0,0,0,0,0,2,7),
 (210,'Irrigation Inlet No-55 in  Naogaon Haor Project ',0,0,0,0,0,0,2,7),
 (211,'Irrigation Inlet No-56 in  Naogaon Haor Project ',0,0,0,0,0,0,2,7),
 (212,'Irrigation Inlet No-57 in  Naogaon Haor Project ',0,0,0,0,0,0,2,7),
 (213,'Irrigation Inlet No-58 in  Naogaon Haor Project ',0,0,0,0,0,0,2,7),
 (214,'Irrigation Inlet No-59 in  Naogaon Haor Project ',0,0,0,0,0,0,2,7),
 (215,'Irrigation Inlet No-60 in  Naogaon Haor Project ',0,0,0,0,0,0,2,7),
 (216,'Irrigation Inlet No-61 in  Naogaon Haor Project ',0,0,0,0,0,0,2,7),
 (217,'Irrigation Inlet No-62 in  Badla Haor Project ',0,0,0,0,0,0,7,7),
 (218,'Irrigation Inlet No-63 in  Badla Haor Project ',0,0,0,0,0,0,7,7),
 (219,'Irrigation Inlet No-64 in  Badla Haor Project ',0,0,0,0,0,0,7,7),
 (220,'Irrigation Inlet No-65 in  Badla Haor Project ',0,0,0,0,0,0,7,7),
 (221,'Irrigation Inlet No-66 in  Badla Haor Project ',0,0,0,0,0,0,7,7),
 (222,'Irrigation Inlet No-67 in  Badla Haor Project ',0,0,0,0,0,0,7,7),
 (223,'Irrigation Inlet No-68 in  Chatal Haor Project ',0,0,0,0,0,0,10,7),
 (224,'Irrigation Inlet No-69 in  Chatal Haor Project ',0,0,0,0,0,0,10,7),
 (225,'Irrigation Inlet No-70 in  Chatal Haor Project ',0,0,0,0,0,0,10,7),
 (226,'Irrigation Inlet No-71 in  Chatal Haor Project ',0,0,0,0,0,0,10,7),
 (227,'Irrigation Inlet No-72 in  Dakhshiner Haor Project ',0,0,0,0,0,0,9,7),
 (228,'Irrigation Inlet No-73 in  Dakhshiner Haor Project ',0,0,0,0,0,0,9,7),
 (229,'Irrigation Inlet No-74 in  Dakhshiner Haor Project ',0,0,0,0,0,0,9,7),
 (230,'Irrigation Inlet No-75 in  Dakhshiner Haor Project ',0,0,0,0,0,0,9,7),
 (231,'Irrigation Inlet No-76 in  Dakhshiner Haor Project ',0,0,0,0,0,0,9,7),
 (232,'Irrigation Inlet No-77 in  Dakhshiner Haor Project ',0,0,0,0,0,0,9,7),
 (233,'Irrigation Inlet No-78 in  Dakhshiner Haor Project ',0,0,0,0,0,0,9,7),
 (234,'Irrigation Inlet No-79 in  Dakhshiner Haor Project ',0,0,0,0,0,0,9,7),
 (235,'Irrigation Inlet No-80 in  Dakhshiner Haor Project ',0,0,0,0,0,0,9,7),
 (236,'Irrigation Inlet No-81 in  Dakhshiner Haor Project ',0,0,0,0,0,0,9,7),
 (237,'Irrigation Inlet No-82 in  Dakhshiner Haor Project ',0,0,0,0,0,0,9,7),
 (238,'Irrigation Inlet No-83 in  Dakhshiner Haor Project ',0,0,0,0,0,0,9,7),
 (239,'Irrigation Inlet No-84 in  Dakhshiner Haor Project ',0,0,0,0,0,0,9,7),
 (240,'Irrigation Inlet No-85 in  Dakhshiner Haor Project ',0,0,0,0,0,0,9,7),
 (241,'Irrigation Inlet No-86 in  Dakhshiner Haor Project ',0,0,0,0,0,0,9,7),
 (242,'Irrigation Inlet No-87 in  Mokhar Haor Project ',0,0,0,0,0,0,13,7),
 (243,'Irrigation Inlet No-88 in  Mokhar Haor Project ',0,0,0,0,0,0,13,7),
 (244,'Irrigation Inlet No-89 in  Mokhar Haor Project ',0,0,0,0,0,0,13,7),
 (245,'Irrigation Inlet No-90 in  Mokhar Haor Project ',0,0,0,0,0,0,13,7),
 (246,'Irrigation Inlet No-91 in  Mokhar Haor Project ',0,0,0,0,0,0,13,7),
 (247,'Irrigation Inlet No-92 in  Mokhar Haor Project ',0,0,0,0,0,0,13,7),
 (248,'Irrigation Inlet No-93 in  Mokhar Haor Project ',0,0,0,0,0,0,13,7),
 (249,'Irrigation Inlet No-94 in  Mokhar Haor Project ',0,0,0,0,0,0,13,7),
 (250,'Irrigation Inlet No-95 in  Mokhar Haor Project ',0,0,0,0,0,0,13,7),
 (251,'Irrigation Inlet No-96 in  Mokhar Haor Project ',0,0,0,0,0,0,13,7),
 (252,'Irrigation Inlet No-97 in  Mokhar Haor Project ',0,0,0,0,0,0,13,7),
 (253,'Irrigation Inlet No-98 in  Mokhar Haor Project ',0,0,0,0,0,0,13,7),
 (254,'Irrigation Inlet No-99 in  Mokhar Haor Project ',0,0,0,0,0,0,13,7),
 (255,'Irrigation Inlet No-100 in  Mokhar Haor Project ',0,0,0,0,0,0,13,7),
 (256,'Irrigation Inlet No-101 in  Mokhar Haor Project ',0,0,0,0,0,0,13,7),
 (257,'Irrigation Inlet No-102 in  Ganesh Haor Project ',0,0,0,0,0,0,11,7),
 (258,'Irrigation Inlet No-103 in  Ganesh Haor Project ',0,0,0,0,0,0,11,7),
 (259,'Irrigation Inlet No-104 in  Dharmapasha Rui Beel Project ',0,0,0,0,0,0,4,7),
 (260,'Irrigation Inlet No-105 in  Dharmapasha Rui Beel Project ',0,0,0,0,0,0,4,7),
 (261,'Irrigation Inlet No-106 in  Dharmapasha Rui Beel Project ',0,0,0,0,0,0,4,7),
 (262,'Irrigation Inlet No-107 in  Dharmapasha Rui Beel Project ',0,0,0,0,0,0,4,7),
 (263,'Irrigation Inlet No-108 in  Dharmapasha Rui Beel Project ',0,0,0,0,0,0,4,7),
 (264,'Irrigation Inlet No-109 in  Dharmapasha Rui Beel Project ',0,0,0,0,0,0,4,7),
 (265,'Irrigation Inlet No-110 in  Dharmapasha Rui Beel Project ',0,0,0,0,0,0,4,7),
 (266,'Irrigation Inlet No-111 in  Dharmapasha Rui Beel Project ',0,0,0,0,0,0,4,7),
 (267,'Irrigation Inlet No-112 in  Dharmapasha Rui Beel Project ',0,0,0,0,0,0,4,7),
 (268,'Irrigation Inlet No-113 in  Dharmapasha Rui Beel Project ',0,0,0,0,0,0,4,7),
 (269,'Irrigation Inlet No-114 in  Dharmapasha Rui Beel Project ',0,0,0,0,0,0,4,7),
 (270,'Irrigation Inlet No-115 in  Dharmapasha Rui Beel Project ',0,0,0,0,0,0,4,7),
 (271,'Irrigation Inlet No-116 in  Dharmapasha Rui Beel Project ',0,0,0,0,0,0,4,7),
 (272,'Irrigation Inlet No-117 in  Dharmapasha Rui Beel Project ',0,0,0,0,0,0,4,7),
 (273,'Irrigation Inlet No-118 in  Dharmapasha Rui Beel Project ',0,0,0,0,0,0,4,7),
 (274,'Irrigation Inlet No-119 in  Jaliar Haor Project ',0,0,0,0,0,0,3,7),
 (275,'Irrigation Inlet No-120 in  Jaliar Haor Project ',0,0,0,0,0,0,3,7),
 (276,'Irrigation Inlet No-121 in  Jaliar Haor Project ',0,0,0,0,0,0,3,7),
 (277,'Irrigation Inlet No-122 in  Jaliar Haor Project ',0,0,0,0,0,0,3,7),
 (278,'Irrigation Inlet No-123 in  Dhakua Haor Project ',0,0,0,0,0,0,12,7),
 (279,'Irrigation Inlet No-124 in  Dhakua Haor Project ',0,0,0,0,0,0,12,7),
 (280,'Irrigation Inlet No-125 in  Dhakua Haor Project ',0,0,0,0,0,0,12,7),
 (281,'Irrigation Inlet No-126 in  Dhakua Haor Project ',0,0,0,0,0,0,12,7),
 (282,'Irrigation Inlet No-127 in  Dhakua Haor Project ',0,0,0,0,0,0,12,7),
 (283,'Irrigation Inlet No-128 in  Dhakua Haor Project ',0,0,0,0,0,0,12,7),
 (284,'Irrigation Inlet No-129 in  Dhakua Haor Project ',0,0,0,0,0,0,12,7),
 (285,'Irrigation Inlet No-130 in  Dhakua Haor Project ',0,0,0,0,0,0,12,7),
 (286,'Irrigation Inlet No-131 in  Dhakua Haor Project ',0,0,0,0,0,0,12,7),
 (287,'Diakul Khal from  km 1.710 to m  4.690=2.980',1.7,4.69,2.99,0,0,0,5,3),
 (288,'Manikkhali Khal',0.18,4.655,4.475,0,0,0,5,3),
 (289,'Bamon Khal',0,2.225,2.225,0,0,0,5,3),
 (290,'Goradar Khal',0,2.38,2.38,0,0,0,5,3),
 (292,'Hajirkhali Khal',0.175,1.81,1.635,0,0,0,1,3),
 (293,'Karpasha Khal',0.1,1.615,1.515,0,0,0,1,3),
 (294,'Dampara Khal',0.04,3.6,3.56,0,0,0,1,3),
 (295,'Baniajan Khal',0.16,7.06,6.9,0,0,0,1,3),
 (296,'Suti Khal',0,6.1,6.1,0,0,0,1,3),
 (297,'Diga Nadi',2.5,8.1,5.6,0,0,0,1,4),
 (298,'Old Singua River',7.3,14.4,7.1,0,0,0,1,4),
 (299,'Lalpur Khal',0.41,4.4,3.99,0,0,0,14,3),
 (300,'Naluar Khal',0.2,0.8,0.6,0,0,0,14,3),
 (301,'Maharkona Khal',0.3,3.3,3,0,0,0,14,3),
 (302,'Nabinpur Khal',4,6.8,2.8,0,0,0,14,3),
 (303,'Jalalpur Khal',0.09,0.457,0.367,0,0,0,14,3),
 (304,'Kata Khal',0,0.6,0.6,0,0,0,8,3),
 (305,'Mahinhandra Khal',1,1.9,0.9,0,0,0,8,3),
 (306,'Samarbari Khal',0,3.99,3.99,0,0,0,8,3),
 (307,'Kata Khali Khal',0.2,4,3.8,0,0,0,8,3),
 (308,'Kurigai Gang',0,8.38,8.38,0,0,0,8,4),
 (309,'Beri Gang',0,3.56,3.56,0,0,0,8,4),
 (310,'Pangair Dair Khal',0.08,4.36,4.28,0,0,0,2,3),
 (311,'Bera Khal',0.52,2.03,1.51,0,0,0,2,3),
 (312,'Gokhra Khal',0.185,0.91,0.73,0,0,0,2,3),
 (313,'Markhali Khal',1.01,4.12,3.11,0,0,0,2,3),
 (314,'Nandir Khal',0,5.985,5.99,0,0,0,2,3),
 (315,'Khaiyar Khal',0.495,8.405,7.91,0,0,0,2,3),
 (316,'Neora Khal',0.12,2.635,2.52,0,0,0,2,3),
 (317,'Berachapra River',0,15.82,15.82,0,0,0,2,4),
 (318,'Atoplal River',0,7.113,7.11,0,0,0,2,4),
 (319,'Shankir Khal',0.41,8.995,8.585,0,0,0,9,3),
 (320,'Bantai River',0,1.65,1.65,0,0,0,9,4),
 (321,'Chargaowdair Khal',0.17,3.206,3.036,0,0,0,13,3),
 (322,'Chhotokatari Khal',0.184,3.448,3.264,0,0,0,13,3),
 (323,'Rajendrapur Khal',0,4.327,4.327,0,0,0,13,3),
 (324,'Islampur Khal',0.157,0.791,0.634,0,0,0,13,3),
 (325,'Salukadar Khal',0,2.428,2.428,0,0,0,13,3),
 (326,'Soay beel khal',0.094,3.379,3.285,0,0,0,13,3),
 (327,'Chatal beel Khal',0,5.217,5.217,0,0,0,13,3),
 (328,'Purohogun khal',0,2.428,2.428,0,0,0,13,3),
 (329,'Ratna River',0,10,8.614,0,0,0,13,4),
 (330,'Sutki River',13.1,17.6,4.5,0,0,0,13,3),
 (331,'Narsua River',0,6.225,6.225,0,0,0,11,3),
 (332,'Ichamati Khal',0.072,1.25,1.178,0,0,0,11,3),
 (333,'Chapri Khal',0.28,2.59,2.31,0,0,0,11,3),
 (334,'Ukhra Khal',0.11,2.043,1.933,0,0,0,11,3),
 (335,'Juringa Khal',0,1.5,1.5,0,0,0,12,3),
 (336,'Puknarai Khal',0,1.56,1.56,0,0,0,12,3),
 (337,'Dariabaz Khal',0,1.5,1.5,0,0,0,12,3),
 (338,'Dharam khal',0,1.1,1.1,0,0,0,4,3),
 (339,'Agunia Khal',0,8,8,0,0,0,4,3),
 (340,'Rui Beel Khal',0,3.5,3.5,0,0,0,4,3),
 (341,'Undani Khal',0,4,4,0,0,0,4,3),
 (342,'Dahar Gang',0,7,7,0,0,0,4,3),
 (343,'Kolma Khal',3.6,7,3.4,0,0,0,4,3),
 (344,'Khurma Khal',0,9,9,0,0,0,4,3),
 (345,'Baraia Khal',0,2.7,2.7,0,0,0,4,3),
 (346,'Dagar Khal',1.2,3.2,2,0,0,0,4,3),
 (347,'Rajapur Khal',0,2.8,2.8,0,0,0,4,3),
 (348,'Banni Khal-1',0,2.6,2.6,0,0,0,4,3),
 (349,'Banni Khal-2',0,2.9,2.9,0,0,0,4,3),
 (350,'Bir Khal',0,2.4,2.4,0,0,0,4,3),
 (351,'Banni Link Khal',0,1.5,1.5,0,0,0,4,3),
 (352,'Islam Beel Khal',0,4.5,4.5,0,0,0,4,3),
 (353,'Saitan Khal',0,3,3,0,0,0,4,3),
 (354,'Gobra Khal',0,3,3,0,0,0,4,3),
 (355,'Phuleswari Khal',0.18,3.96,3.78,0,0,0,6,3),
 (356,'Goalkhali Khal',0.48,2.58,2.1,0,0,0,6,3),
 (357,'Kalna',0.76,1.94,1.18,0,0,0,6,3),
 (358,'Suti Nadi',2.527,17.766,15.239,0,0,0,6,4),
 (359,'Mogar Khal',0,0.15,0.15,0,0,0,10,3),
 (360,'Mozilla Khal',0,1.78,1.78,0,0,0,10,3),
 (361,'Sajna Khal',0,1,1,0,0,0,7,3),
 (362,'Chandrapur Khal',0,0.7,0.7,0,0,0,7,3),
 (363,'Kanala Khal',0,0.6,0.6,0,0,0,7,3),
 (364,'Kursi Khal',0,2.9,2.9,0,0,0,7,3),
 (365,'Bamuna Khal',0,1.5,1.5,0,0,0,7,3),
 (366,'Baduti Khal',0,1,1,0,0,0,7,3),
 (367,'Burimara Khal',0,0.5,0.5,0,0,0,7,3),
 (368,'Chouganga Khal',0,0.2,0.2,0,0,0,7,3),
 (369,'Maora Khal',0,1.7,1.7,0,0,0,7,3),
 (370,'Baur Khal',0,0.6,0.6,0,0,0,3,3),
 (371,'Dora Nadi',0,3.2,3.2,0,0,0,3,4),
 (372,'Rauli Nadi',0,2.3,2.3,0,0,0,3,4),
 (373,'Submersible embankment in between km 0.020 to km 12.400=11.750',0.02,12.4,11.75,121987.998,NULL,NULL,14,2),
 (374,'Construction of Submersible Embankment in between km 12.400 to km 23.260',12.4,23.26,10.857,109155.299,NULL,NULL,14,2),
 (375,'Bata  Khal from km 0.000 to km 2.790',0,2.79,2.79,NULL,NULL,NULL,5,3),
 (376,'2-Vent Lalpur Khal Regulator at Km 16.13 in Lalpur Khal in Noapara Haor Sub-Project',16.13,16.13,NULL,NULL,2,NULL,14,5);
INSERT INTO "progress_haor" ("id","name","area","project_type","population") VALUES (1,'Boro Haor Project',NULL,'New',0),
 (2,'Naogaon Haor Project',NULL,'New',0),
 (3,'Jaliar Haor Project',NULL,'New',0),
 (4,'Dharmapasha Rui Beel Project',NULL,'New',0),
 (5,'Chandpur Haor Project',NULL,'New',0),
 (6,'Suniar Haor Project',NULL,'New',0),
 (7,'Badla Haor Project',NULL,'New',0),
 (8,'Nunnir Haor Project',NULL,'New',0),
 (9,'Dakhshiner Haor Project',NULL,'New',0),
 (10,'Chatal Haor Project',NULL,'New',0),
 (11,'Ganesh Haor Project',NULL,'New',0),
 (12,'Dhakua Haor Project',NULL,'New',0),
 (13,'Mokhar Haor Project',NULL,'New',0),
 (14,'Noapara Haor Project',NULL,'New',0),
 (15,'Dampara Water Management Scheme',NULL,'Old',0),
 (16,'Kangsa River Scheme',NULL,'Old',0),
 (17,'Singer Beel Scheme',NULL,'Old',0),
 (18,'Baraikhali Khal Scheme',NULL,'Old',0),
 (19,'Alalia-Bahadia Scheme',NULL,'Old',0),
 (20,'Modkhola Bhairagir char Sub-Project Scheme',NULL,'Old',0),
 (21,'Ganak khalli Sub-scheme',NULL,'Old',0),
 (22,'Kairdhala Ratna Scheme',NULL,'Old',0),
 (23,'Bahira River Scheme',NULL,'Old',0),
 (24,'Aralia Khal Scheme',NULL,'Old',0),
 (25,'Chandal Beel Scheme',NULL,'Old',0),
 (26,'Satdona Beel Scheme',NULL,'Old',0),
 (27,'Gangajuri FCD sub-project',NULL,'Old',0),
 (28,'Khaliajuri Polder #02 Scheme',NULL,'Old',0),
 (29,'Khaliajuri Polder #04 Scheme',NULL,'Old',0);
INSERT INTO "progress_contract" ("id","package_short_name","package_detail_name","contractor_short_name","start_date","finish_date","extended_date","contract_amount","billed_amount","estimated_amount","physical_progress","financial_progress","contractor_id_id","division_id_id","partner_contractor1_id_id","partner_contractor2_id_id","sde_id_id","so_id_id","xen_id_id") VALUES (1,'Package No W-02/Chandpur Haor','Package No W-02/Chandpur Haor','FC-MGS-JV','2016-12-13','2018-04-30',NULL,NULL,NULL,NULL,NULL,NULL,1,1,NULL,NULL,NULL,NULL,NULL),
 (2,'Package No W-03/Nunnir Haor','Package No W-03/Nunnir Haor','ARC-LT(JV)','2017-01-15','2018-04-30',NULL,NULL,NULL,NULL,NULL,NULL,2,1,NULL,NULL,NULL,NULL,NULL),
 (3,'Package No.-04/Nunnir Haor(Part B+C)','Package No.-04/Nunnir Haor(Part B+C)','M/S. Amin &Co','2017-01-06','2018-04-30',NULL,NULL,NULL,NULL,NULL,NULL,2,1,NULL,NULL,NULL,NULL,NULL),
 (4,'Package No.-05/NunnirHaor(Part-A& C)','Package No.-05/NunnirHaor(Part-A& C)','SA-SI &Israt Enterprise JV','2017-01-15','2018-04-30',NULL,NULL,NULL,NULL,NULL,NULL,2,1,NULL,NULL,NULL,NULL,NULL),
 (5,'Package No.-06/NunnirHaor(Part-A)','Package No.-06/NunnirHaor(Part-A)','Binimoy Construction Company (JV)','2016-12-20','2018-04-30',NULL,NULL,NULL,NULL,NULL,NULL,2,1,NULL,NULL,NULL,NULL,NULL),
 (6,'Package No.-07/Boro Haor','Package No.-07/Boro Haor','M/S Liton Traders','2017-02-12','2018-04-30',NULL,NULL,NULL,NULL,NULL,NULL,2,1,NULL,NULL,NULL,NULL,NULL),
 (7,'Package No.-13/NaogaonHaor(Part-A)','Package No.-13/NaogaonHaor(Part-A)','M/S. Amin & Co','2017-01-06','2018-04-30',NULL,NULL,NULL,NULL,NULL,NULL,2,1,NULL,NULL,NULL,NULL,NULL),
 (8,'Package No.-14/NaogaonHaor(Part-A)','Package No.-14/NaogaonHaor(Part-A)','PMPL-TTSL (JV)','2019-02-21','2019-02-21',NULL,NULL,NULL,NULL,NULL,NULL,2,1,NULL,NULL,NULL,NULL,NULL),
 (9,'Package No.-15/Naogaon Haor-Part-B','Package No.-15/Naogaon Haor-Part-B','M/S Kamal Enterprise','2019-02-21','2019-02-21',NULL,NULL,NULL,NULL,NULL,NULL,2,1,NULL,NULL,NULL,NULL,NULL),
 (10,'Package No.: PW-09/Boro Haor','Package No.: PW-09/Boro Haor','ARC-GE(JV)','2019-02-21','2019-02-21',NULL,NULL,NULL,NULL,NULL,NULL,2,1,NULL,NULL,NULL,NULL,NULL),
 (11,'Package No.: PW-10/Noapara Haor','Package No.: PW-10/Noapara Haor','MARCO-MONIR(JV)','2019-02-21','2019-02-21',NULL,NULL,NULL,NULL,NULL,NULL,2,1,NULL,NULL,NULL,NULL,NULL),
 (12,'Package No.-11/Noapara Haor','Package No.-11/Noapara Haor','MARCO-MONIR(JV)','2019-02-21','2019-02-21',NULL,NULL,NULL,NULL,NULL,NULL,2,1,NULL,NULL,NULL,NULL,NULL),
 (13,'Package No.-16/ NaogaonHaor-Part-B','Package No.-16/ NaogaonHaor-Part-B','ARC-LT (JV)','2019-02-21','2019-02-21',NULL,NULL,NULL,NULL,NULL,NULL,2,1,NULL,NULL,NULL,NULL,NULL),
 (14,'Package No.-17/ Naogaon Haor-Part-B','Package No.-17/ Naogaon Haor-Part-B','AKA-UCL(JV)','2019-02-21','2019-02-21',NULL,NULL,NULL,NULL,NULL,NULL,2,1,NULL,NULL,NULL,NULL,NULL),
 (15,'Package No.-24/ Dakshiner Haor','Package No.-24/ Dakshiner Haor','FC-MS (JV)','2019-02-21','2019-02-21',NULL,NULL,NULL,NULL,NULL,NULL,2,1,NULL,NULL,NULL,NULL,NULL),
 (16,'BWDB/ Kish/HFMLIP/PW-12 Noapara Haor','BWDB/ Kish/HFMLIP/PW-12Noapara Haor','PMPL-LA-TTSL (JV)','2019-02-21','2019-02-21',NULL,NULL,NULL,NULL,NULL,NULL,2,1,NULL,NULL,NULL,NULL,NULL),
 (17,'BWDB/Kish/HFMLIP/ PW-18 NaogaonHaor (Part A & B)','BWDB/Kish/HFMLIP/ PW-18 NaogaonHaor (Part A & B)','FC-MS (JV)','2019-02-21','2019-02-21',NULL,NULL,NULL,NULL,NULL,NULL,2,1,NULL,NULL,NULL,NULL,NULL),
 (18,'BWDB/ Kish/HFMLIP/PW-19 Naogaon Haor (Part A)','BWDB/ Kish/HFMLIP/PW-19 Naogaon Haor (Part A)','LT-MC (JV)','2019-02-21','2019-02-21',NULL,NULL,NULL,NULL,NULL,NULL,2,1,NULL,NULL,NULL,NULL,NULL),
 (19,'BWDB/Kish/HFMLIP/ PW-20 Nunnir, Boro & Noapara Haor','BWDB/Kish/HFMLIP/ PW-20 Nunnir, Boro & Noapara Haor','AS-MSS-MPE (JV)','2019-02-21','2019-02-21',NULL,NULL,NULL,NULL,NULL,NULL,2,1,NULL,NULL,NULL,NULL,NULL),
 (20,'BWDB/Kish/HFMLIP/ PW-26 Sonai Haor ','BWDB/Kish/HFMLIP/ PW-26 Sonai Haor ','MRC-GF (JV)','2019-02-21','2019-02-21',NULL,NULL,NULL,NULL,NULL,NULL,2,1,NULL,NULL,NULL,NULL,NULL),
 (21,'BWDB/ Hobi/HFMLIP/PW-04 Mokhar Haor','BWDB/ Hobi/HFMLIP/PW-04 Mokhar Haor','TI-FB (JV)','2019-02-21','2019-02-21',NULL,NULL,NULL,NULL,NULL,NULL,2,6,NULL,NULL,NULL,NULL,NULL),
 (22,'BWDB/ Hobi/HFMLIP/PW-05 Mokhar Haor','BWDB/ Hobi/HFMLIP/PW-05 Mokhar Haor','DAWN-MAMCL (JV)','2019-02-21','2019-02-21',NULL,NULL,NULL,NULL,NULL,NULL,2,6,NULL,NULL,NULL,NULL,NULL),
 (23,'BWDB/ Hobi/HFMLIP/PW-06 Mokhar Haor','BWDB/ Hobi/HFMLIP/PW-06 Mokhar Haor','SA-BTC (JV)','2019-02-21','2019-02-21',NULL,NULL,NULL,NULL,NULL,NULL,2,6,NULL,NULL,NULL,NULL,NULL),
 (24,'BWDB/Hobi/HFMLIP/PW-07 Mokhar Haor','BWDB/Hobi/HFMLIP/PW-07 Mokhar Haor','Tazul-Noona (JV)','2019-02-21','2019-02-21',NULL,NULL,NULL,NULL,NULL,NULL,2,6,NULL,NULL,NULL,NULL,NULL),
 (25,'BWDB/ Netr/HFMLIP/PW-01 Dampara & Singer Beel (Re-hab. Haor)','BWDB/ Netr/HFMLIP/PW-01 Dampara & Singer Beel (Re-hab. Haor)','WE-BC-MMB (JV)','2019-02-21','2019-02-21',NULL,NULL,NULL,NULL,NULL,NULL,2,3,NULL,NULL,NULL,NULL,NULL),
 (26,'BWDB/ Netr/HFMLIP/ PW-07 (New Haor) Dharmapasha','BWDB/ Netr/HFMLIP/ PW-07 (New Haor) Dharmapasha','WE-BC-MMB (JV)','2019-02-21','2019-02-21',NULL,NULL,NULL,NULL,NULL,NULL,2,3,NULL,NULL,NULL,NULL,NULL),
 (27,'BWDB/Netr/HFMLIP/ PW-02 (Dampara, Kangsho& Singer Beel)','BWDB/Netr/HFMLIP/ PW-02 (Dampara, Kangsho& Singer Beel)','WE-BC (JV)','2019-02-21','2019-02-21',NULL,NULL,NULL,NULL,NULL,NULL,2,3,NULL,NULL,NULL,NULL,NULL),
 (28,'BWDB/Netr/ HFMLIP/ PW-03 (Dampara, Kangsho& Singer Beel)','BWDB/Netr/ HFMLIP/ PW-03 (Dampara, Kangsho& Singer Beel)','WE-BC (JV)','2019-02-21','2019-02-21',NULL,NULL,NULL,NULL,NULL,NULL,2,3,NULL,NULL,NULL,NULL,NULL),
 (29,'BWDB/Kish/HFMLIP/ PW-25 Dakshiner Haor ','BWDB/Kish/HFMLIP/ PW-25 Dakshiner Haor ','MS-RE (JV)','2019-02-21','2019-02-21',NULL,NULL,NULL,NULL,NULL,NULL,NULL,1,NULL,NULL,NULL,NULL,NULL),
 (30,'BWDB/Kish/HFMLIP/ PW-22 Badla Haor ','BWDB/Kish/HFMLIP/ PW-22 Badla Haor ','FC-A & Co. (JV)','2019-02-21','2019-02-21',NULL,NULL,NULL,NULL,NULL,NULL,NULL,1,NULL,NULL,NULL,NULL,NULL),
 (31,'BWDB/Kish/HFMLIP/ PW-23 Chatal Haor ','BWDB/Kish/HFMLIP/ PW-23 Chatal Haor ','AKA-UCL(JV)','2019-02-21','2019-02-21',NULL,NULL,NULL,NULL,NULL,NULL,NULL,1,NULL,NULL,NULL,NULL,NULL),
 (32,'BWDB/Hobi/HFMLIP/PW-01 Bashira River','BWDB/Hobi/HFMLIP/PW-01 Bashira River','Noona-HB (JV)','2019-02-21','2019-02-21',NULL,NULL,NULL,NULL,NULL,NULL,NULL,6,NULL,NULL,NULL,NULL,NULL),
 (33,'BWDB/Hobi/HFMLIP/PW-02 Aralia Khal','BWDB/Hobi/HFMLIP/PW-02 Aralia Khal','HU-AS (JV)','2019-02-21','2019-02-21',NULL,NULL,NULL,NULL,NULL,NULL,NULL,6,NULL,NULL,NULL,NULL,NULL),
 (34,'BWDB/ Netr/ HFMLIP/ PW-04 Khalijuri Polder-2 & Polder-4','BWDB/ Netr/ HFMLIP/ PW-04 Khalijuri Polder-2 & Polder-4','Md. Yunus & Brothers','2019-02-21','2019-02-21',NULL,NULL,NULL,NULL,NULL,NULL,NULL,3,NULL,NULL,NULL,NULL,NULL),
 (35,'BWDB/ Netr/ HFMLIP/ PW-05 Ganesh Haor ','BWDB/ Netr/ HFMLIP/ PW-05 Ganesh Haor ','Ataur Rahman Khan & Osim Shingh (JV)','2019-02-21','2019-02-21',NULL,NULL,NULL,NULL,NULL,NULL,NULL,3,NULL,NULL,NULL,NULL,NULL),
 (36,'BWDB/ Netr/ HFMLIP/ PW-06 Ganesh Haor ','BWDB/ Netr/ HFMLIP/ PW-06 Ganesh Haor ','Md. Yunus & Brothers','2019-02-21','2019-02-21',NULL,NULL,NULL,NULL,NULL,NULL,NULL,3,NULL,NULL,NULL,NULL,NULL),
 (37,'BWDB/ SUNAM/HFMLIP/PW-01 Dhakua Haor (Division-2)','BWDB/ SUNAM/HFMLIP/PW-01 Dhakua Haor (Division-2)','ARKL-AS(JV)','2019-02-21','2019-02-21',NULL,NULL,NULL,NULL,NULL,NULL,NULL,5,NULL,NULL,NULL,NULL,NULL),
 (38,'BWDB/ SUNAM/H FMLIP/PW-02 Dhakua Haor (Division-2) ','BWDB/ SUNAM/H FMLIP/PW-02 Dhakua Haor (Division-2) ','ARKL-AS(JV)','2019-02-21','2019-02-21',NULL,NULL,NULL,NULL,NULL,NULL,NULL,5,NULL,NULL,NULL,NULL,NULL),
 (39,'BWDB/ SUNAM/H FMLIP/PW-03 Dharmapasha Rui Beel (Division-1)','BWDB/ SUNAM/H FMLIP/PW-03 Dharmapasha Rui Beel (Division-1)','HB-TI (JV)','2019-02-21','2019-02-21',NULL,NULL,NULL,NULL,NULL,NULL,NULL,4,NULL,NULL,NULL,NULL,NULL),
 (40,'BWDB/ SUNAM/H FMLIP/PW-04 Dharmapasha Rui Beel (Division-1)','BWDB/ SUNAM/H FMLIP/PW-04 Dharmapasha Rui Beel (Division-1)','ARKL-AS(JV)','2019-02-21','2019-02-21',NULL,NULL,NULL,NULL,NULL,NULL,NULL,4,NULL,NULL,NULL,NULL,NULL),
 (41,'BWDB/ SUNAM/H FMLIP/PW-06 Dharmapasha Rui Beel (Division-1)','BWDB/ SUNAM/H FMLIP/PW-06 Dharmapasha Rui Beel (Division-1)','ARKL-AS(JV)','2019-02-21','2019-02-21',NULL,NULL,NULL,NULL,NULL,NULL,NULL,4,NULL,NULL,NULL,NULL,NULL);
INSERT INTO "progress_division" ("id","division_name","div_address","div_phone","district_id") VALUES (1,'Kishoreganj WD Division',NULL,'',1),
 (3,'Netrokona O&M Division',NULL,'',2),
 (4,'Sunamgonj O&M Division-1',NULL,'',3),
 (5,'Sunamgonj O&M Division-2',NULL,'',3),
 (6,'Hobiganj O&M Division',NULL,'',4);
INSERT INTO "progress_district" ("id","name") VALUES (1,'Kishoreganj'),
 (2,'Netrokona'),
 (3,'Sunamgonj'),
 (4,'Hobiganj');
INSERT INTO "progress_contractcomponent" ("id","component_name") VALUES (1,'A'),
 (2,'B'),
 (3,'C'),
 (4,'D'),
 (5,'E'),
 (6,'F'),
 (7,'G'),
 (8,'H');
INSERT INTO "accounts_profile" ("id","cellNo","user_id","role_id") VALUES (1,'+8801712660025',1,8),
 (2,'+8801712660025',5,1),
 (3,NULL,6,12);
INSERT INTO "accounts_role" ("id","role_name") VALUES (1,'XEN'),
 (2,'SDE'),
 (3,'SO'),
 (4,'SITE_ENGG_CONC'),
 (5,'FIELD_ENGG_CONSL'),
 (6,'PD'),
 (7,'DPD'),
 (8,'SP_ADMIN'),
 (9,'CSE_CONSL'),
 (10,'CONC1_CONC'),
 (11,'CONC2_CONC'),
 (12,'CONC3_CONC'),
 (13,'GUEST');
INSERT INTO "boards_post" ("id","message","created_at","updated_at","created_by_id","topic_id","updated_by_id") VALUES (1,'This is my first Post!','2019-02-13 18:19:20.364118',NULL,1,1,NULL),
 (2,'','2019-02-14 16:37:42.791657',NULL,1,2,NULL);
INSERT INTO "boards_topic" ("id","subject","last_updated","board_id","starter_id") VALUES (1,'Hello Everyone!','2019-02-13 18:19:19.927368',1,1),
 (2,'','2019-02-14 16:37:42.612781',1,1);
INSERT INTO "boards_board" ("id","name","description") VALUES (1,'Django','This is a board about Django.'),
 (2,'Python','General discussion about Python.'),
 (3,'random','here you can discuss anything');
INSERT INTO "django_session" ("session_key","session_data","expire_date") VALUES ('u2kwnoq8jtsu741uc919hcchh7rgz1o1','ZDhmNjY0YWJmMGE3NmY4ODJlZjE5ZWVkNjI5OTM3OTg4MmI0NzhkMzp7Il9hdXRoX3VzZXJfaWQiOiIzIiwiX2F1dGhfdXNlcl9iYWNrZW5kIjoiZGphbmdvLmNvbnRyaWIuYXV0aC5iYWNrZW5kcy5Nb2RlbEJhY2tlbmQiLCJfYXV0aF91c2VyX2hhc2giOiJjZDQ2NzlkMGIyNTFhM2ExZDQ5MGM1Nzg0MjQ3ZDZiMWY4MTg2MTY2In0=','2019-03-02 08:27:37.706923'),
 ('mxgmjrodl8smz1bu5jaty7viixt9i9aw','MmJkYzNhOGM4M2Y5MWMyZmUxNzk3NDY0Y2EwZTk0MmI0Y2IyZDFmNjp7Il9hdXRoX3VzZXJfaWQiOiIxIiwiX2F1dGhfdXNlcl9iYWNrZW5kIjoiZGphbmdvLmNvbnRyaWIuYXV0aC5iYWNrZW5kcy5Nb2RlbEJhY2tlbmQiLCJfYXV0aF91c2VyX2hhc2giOiI0ZjY2ODY4ZWNiYzFiNGI5MDljOTQ5ZTRiZGU1Yjc1N2UyYTYxYTUyIn0=','2019-03-07 07:57:18.948792'),
 ('lu9oty20rjtcx8oh4hi38z8hft4g75nn','MmJkYzNhOGM4M2Y5MWMyZmUxNzk3NDY0Y2EwZTk0MmI0Y2IyZDFmNjp7Il9hdXRoX3VzZXJfaWQiOiIxIiwiX2F1dGhfdXNlcl9iYWNrZW5kIjoiZGphbmdvLmNvbnRyaWIuYXV0aC5iYWNrZW5kcy5Nb2RlbEJhY2tlbmQiLCJfYXV0aF91c2VyX2hhc2giOiI0ZjY2ODY4ZWNiYzFiNGI5MDljOTQ5ZTRiZGU1Yjc1N2UyYTYxYTUyIn0=','2019-03-13 15:04:17.180357'),
 ('ttf4kf6ux64e04uao25os03amwxfe5pd','ZTZlYWNjMDIwZjY4Y2FkMGFjMWMzNDMxMjgwYjI4YWQ5NTkyYWU2Mzp7Il9hdXRoX3VzZXJfaWQiOiIxIiwiX2F1dGhfdXNlcl9iYWNrZW5kIjoiZGphbmdvLmNvbnRyaWIuYXV0aC5iYWNrZW5kcy5Nb2RlbEJhY2tlbmQiLCJfYXV0aF91c2VyX2hhc2giOiI5Y2M1MzBmMTA2ZGIxOWFhMzA0MmUyMzA1NGVmMmExMTI0NmY1ZTAwIn0=','2019-03-23 08:07:57.672700'),
 ('mmrr4yscwwpls66dmbdrqmr4j9bzdv4g','ZWZmODAyOWVmNzkxZTNjOWZiNjMwYTE4NTNmNTQ2ZjRjZWI3YzVjMjp7Il9hdXRoX3VzZXJfaWQiOiIxIiwiX2F1dGhfdXNlcl9iYWNrZW5kIjoiZGphbmdvLmNvbnRyaWIuYXV0aC5iYWNrZW5kcy5Nb2RlbEJhY2tlbmQiLCJfYXV0aF91c2VyX2hhc2giOiIxOGFjNTMxM2Q4NWUwZmJkZTk1NmI5NGEzMWVhMjcyZDgwMTA3YWQwIn0=','2019-03-23 12:26:41.431612'),
 ('cfu97mgb2mb1arzwm4h5oy30knkgkscd','ZWZmODAyOWVmNzkxZTNjOWZiNjMwYTE4NTNmNTQ2ZjRjZWI3YzVjMjp7Il9hdXRoX3VzZXJfaWQiOiIxIiwiX2F1dGhfdXNlcl9iYWNrZW5kIjoiZGphbmdvLmNvbnRyaWIuYXV0aC5iYWNrZW5kcy5Nb2RlbEJhY2tlbmQiLCJfYXV0aF91c2VyX2hhc2giOiIxOGFjNTMxM2Q4NWUwZmJkZTk1NmI5NGEzMWVhMjcyZDgwMTA3YWQwIn0=','2019-03-26 19:26:03.927295'),
 ('6crhvbva777htesmgxo7h0d1my4stlmg','ZWZmODAyOWVmNzkxZTNjOWZiNjMwYTE4NTNmNTQ2ZjRjZWI3YzVjMjp7Il9hdXRoX3VzZXJfaWQiOiIxIiwiX2F1dGhfdXNlcl9iYWNrZW5kIjoiZGphbmdvLmNvbnRyaWIuYXV0aC5iYWNrZW5kcy5Nb2RlbEJhY2tlbmQiLCJfYXV0aF91c2VyX2hhc2giOiIxOGFjNTMxM2Q4NWUwZmJkZTk1NmI5NGEzMWVhMjcyZDgwMTA3YWQwIn0=','2019-03-28 00:24:52.431401');
INSERT INTO "auth_user" ("id","password","last_login","is_superuser","username","first_name","email","is_staff","is_active","date_joined","last_name") VALUES (1,'pbkdf2_sha256$100000$SmzFNdqSr7fM$WS230L6sj23WXbFOcZei/86tlr9PAPPrNtYB7TjdEHg=','2019-03-14 00:24:51.978261',1,'jakaria','jakaria','xen.pmu.ceip1@gmail.com',1,1,'2019-02-13 18:07:09.345643','pervez'),
 (4,'pbkdf2_sha256$120000$nA85dkbLV1PC$MUHSxRBCZhgKxCQMiL9DQAzHni0grLF0ULmR6WnKPGU=','2019-02-17 14:37:57.599054',0,'xenkishoreganj','','xen.kishoregonj@gmail.com',0,1,'2019-02-16 21:02:16',''),
 (5,'pbkdf2_sha256$120000$xwxXd71PWuTl$+s54uU7psfxW2m7ofcOLxZmGuZJnAEoXTqpGOl1irTs=','2019-02-18 15:13:37',0,'xenhobiganj','tahmid','tahmid@gmail.com',0,1,'2019-02-18 15:01:58','hossain'),
 (6,'pbkdf2_sha256$120000$UwDWVuzdxyfi$t0ZuAy5ISk0EkP0DblDTjOVJp9q0jsysq5W0Dmmj5jo=','2019-02-19 19:04:26.318666',0,'akbar','','akbar@gmail.com',0,1,'2019-02-19 19:04:25.253150',''),
 (7,'pbkdf2_sha256$120000$uyJHInQdfm9Y$CcM7lqhU0UafrfI5ifuDnsmIETRj+zVbqVwJm4OhHxg=','2019-03-09 08:05:21.642781',0,'consultant1','','consultant1@gmail.com',0,1,'2019-03-09 07:54:03','');
INSERT INTO "auth_permission" ("id","content_type_id","codename","name") VALUES (1,1,'add_logentry','Can add log entry'),
 (2,1,'change_logentry','Can change log entry'),
 (3,1,'delete_logentry','Can delete log entry'),
 (4,1,'view_logentry','Can view log entry'),
 (5,2,'add_permission','Can add permission'),
 (6,2,'change_permission','Can change permission'),
 (7,2,'delete_permission','Can delete permission'),
 (8,2,'view_permission','Can view permission'),
 (9,3,'add_group','Can add group'),
 (10,3,'change_group','Can change group'),
 (11,3,'delete_group','Can delete group'),
 (12,3,'view_group','Can view group'),
 (13,4,'add_user','Can add user'),
 (14,4,'change_user','Can change user'),
 (15,4,'delete_user','Can delete user'),
 (16,4,'view_user','Can view user'),
 (17,5,'add_contenttype','Can add content type'),
 (18,5,'change_contenttype','Can change content type'),
 (19,5,'delete_contenttype','Can delete content type'),
 (20,5,'view_contenttype','Can view content type'),
 (21,6,'add_session','Can add session'),
 (22,6,'change_session','Can change session'),
 (23,6,'delete_session','Can delete session'),
 (24,6,'view_session','Can view session'),
 (25,7,'add_post','Can add post'),
 (26,7,'change_post','Can change post'),
 (27,7,'delete_post','Can delete post'),
 (28,7,'view_post','Can view post'),
 (29,8,'add_topic','Can add topic'),
 (30,8,'change_topic','Can change topic'),
 (31,8,'delete_topic','Can delete topic'),
 (32,8,'view_topic','Can view topic'),
 (33,9,'add_board','Can add board'),
 (34,9,'change_board','Can change board'),
 (35,9,'delete_board','Can delete board'),
 (36,9,'view_board','Can view board'),
 (37,10,'add_role','Can add role'),
 (38,10,'change_role','Can change role'),
 (39,10,'delete_role','Can delete role'),
 (40,10,'view_role','Can view role'),
 (41,11,'add_profile','Can add profile'),
 (42,11,'change_profile','Can change profile'),
 (43,11,'delete_profile','Can delete profile'),
 (44,11,'view_profile','Can view profile'),
 (45,12,'add_contractor','Can add contractor'),
 (46,12,'change_contractor','Can change contractor'),
 (47,12,'delete_contractor','Can delete contractor'),
 (48,12,'view_contractor','Can view contractor'),
 (49,13,'add_progressitem','Can add progress item'),
 (50,13,'change_progressitem','Can change progress item'),
 (51,13,'delete_progressitem','Can delete progress item'),
 (52,13,'view_progressitem','Can view progress item'),
 (53,14,'add_contractcomponent','Can add contract component'),
 (54,14,'change_contractcomponent','Can change contract component'),
 (55,14,'delete_contractcomponent','Can delete contract component'),
 (56,14,'view_contractcomponent','Can view contract component'),
 (57,15,'add_haor','Can add haor'),
 (58,15,'change_haor','Can change haor'),
 (59,15,'delete_haor','Can delete haor'),
 (60,15,'view_haor','Can view haor'),
 (61,16,'add_division','Can add division'),
 (62,16,'change_division','Can change division'),
 (63,16,'delete_division','Can delete division'),
 (64,16,'view_division','Can view division'),
 (65,17,'add_intervention','Can add intervention'),
 (66,17,'change_intervention','Can change intervention'),
 (67,17,'delete_intervention','Can delete intervention'),
 (68,17,'view_intervention','Can view intervention'),
 (69,18,'add_contract','Can add contract'),
 (70,18,'change_contract','Can change contract'),
 (71,18,'delete_contract','Can delete contract'),
 (72,18,'view_contract','Can view contract'),
 (73,19,'add_district','Can add district'),
 (74,19,'change_district','Can change district'),
 (75,19,'delete_district','Can delete district'),
 (76,19,'view_district','Can view district'),
 (77,20,'add_progress_quantity','Can add progress_ quantity'),
 (78,20,'change_progress_quantity','Can change progress_ quantity'),
 (79,20,'delete_progress_quantity','Can delete progress_ quantity'),
 (80,20,'view_progress_quantity','Can view progress_ quantity'),
 (81,21,'add_worktype','Can add work type'),
 (82,21,'change_worktype','Can change work type'),
 (83,21,'delete_worktype','Can delete work type'),
 (84,21,'view_worktype','Can view work type'),
 (85,22,'add_contract_intervention','Can add contract_ intervention'),
 (86,22,'change_contract_intervention','Can change contract_ intervention'),
 (87,22,'delete_contract_intervention','Can delete contract_ intervention'),
 (88,22,'view_contract_intervention','Can view contract_ intervention'),
 (89,23,'add_dpp_intervention','Can add dp p_ intervention'),
 (90,23,'change_dpp_intervention','Can change dp p_ intervention'),
 (91,23,'delete_dpp_intervention','Can delete dp p_ intervention'),
 (92,23,'view_dpp_intervention','Can view dp p_ intervention'),
 (93,24,'add_importmodel','Can add import model'),
 (94,24,'change_importmodel','Can change import model'),
 (95,24,'delete_importmodel','Can delete import model'),
 (96,24,'view_importmodel','Can view import model'),
 (97,25,'add_csvimport','Can add csv import'),
 (98,25,'change_csvimport','Can change csv import'),
 (99,25,'delete_csvimport','Can delete csv import'),
 (100,25,'view_csvimport','Can view csv import'),
 (101,26,'add_unitofmeasure','Can add unit of measure'),
 (102,26,'change_unitofmeasure','Can change unit of measure'),
 (103,26,'delete_unitofmeasure','Can delete unit of measure'),
 (104,26,'view_unitofmeasure','Can view unit of measure'),
 (105,27,'add_country','Can add country'),
 (106,27,'change_country','Can change country'),
 (107,27,'delete_country','Can delete country'),
 (108,27,'view_country','Can view country'),
 (109,28,'add_item','Can add item'),
 (110,28,'change_item','Can change item'),
 (111,28,'delete_item','Can delete item'),
 (112,28,'view_item','Can view item'),
 (113,29,'add_organisation','Can add organisation'),
 (114,29,'change_organisation','Can change organisation'),
 (115,29,'delete_organisation','Can delete organisation'),
 (116,29,'view_organisation','Can view organisation'),
 (117,30,'add_document','Can add document'),
 (118,30,'change_document','Can change document'),
 (119,30,'delete_document','Can delete document'),
 (120,30,'view_document','Can view document'),
 (121,31,'add_progresschedule','Can add progres schedule'),
 (122,31,'change_progresschedule','Can change progres schedule'),
 (123,31,'delete_progresschedule','Can delete progres schedule'),
 (124,31,'view_progresschedule','Can view progres schedule'),
 (125,32,'add_constructionimage','Can add construction image'),
 (126,32,'change_constructionimage','Can change construction image'),
 (127,32,'delete_constructionimage','Can delete construction image');
INSERT INTO "django_content_type" ("id","app_label","model") VALUES (1,'admin','logentry'),
 (2,'auth','permission'),
 (3,'auth','group'),
 (4,'auth','user'),
 (5,'contenttypes','contenttype'),
 (6,'sessions','session'),
 (7,'boards','post'),
 (8,'boards','topic'),
 (9,'boards','board'),
 (10,'accounts','role'),
 (11,'accounts','profile'),
 (12,'progress','contractor'),
 (13,'progress','progressitem'),
 (14,'progress','contractcomponent'),
 (15,'progress','haor'),
 (16,'progress','division'),
 (17,'progress','intervention'),
 (18,'progress','contract'),
 (19,'progress','district'),
 (20,'progress','progress_quantity'),
 (21,'progress','worktype'),
 (22,'progress','contract_intervention'),
 (23,'progress','dpp_intervention'),
 (24,'csvimport','importmodel'),
 (25,'csvimport','csvimport'),
 (26,'csvimport','unitofmeasure'),
 (27,'csvimport','country'),
 (28,'csvimport','item'),
 (29,'csvimport','organisation'),
 (30,'progress','document'),
 (31,'progress','progresschedule'),
 (32,'progress','constructionimage');
INSERT INTO "django_admin_log" ("id","action_time","object_id","object_repr","change_message","content_type_id","user_id","action_flag") VALUES (1,'2019-02-13 18:14:38.510175','3','random','[{"added": {}}]',9,1,1),
 (2,'2019-02-16 21:00:51.717134','2','xenkishoreganj','',4,1,3),
 (3,'2019-02-16 21:01:15.299253','3','xenhobigonj','',4,1,3),
 (4,'2019-02-16 21:02:16.996454','4','xenkishoreganj','[{"added": {}}]',4,1,1),
 (5,'2019-02-16 21:02:35.951681','4','xenkishoreganj','[{"changed": {"fields": ["email"]}}]',4,1,2),
 (6,'2019-02-18 13:49:07.471099','1','Role object (1)','[{"added": {}}]',10,1,1),
 (7,'2019-02-18 13:49:16.559188','2','Role object (2)','[{"added": {}}]',10,1,1),
 (8,'2019-02-18 13:51:39.798663','3','SO','[{"added": {}}]',10,1,1),
 (9,'2019-02-18 13:52:00.939324','4','SITE_ENGG','[{"added": {}}]',10,1,1),
 (10,'2019-02-18 13:52:23.208389','5','FIELD_ENG','[{"added": {}}]',10,1,1),
 (11,'2019-02-18 13:52:32.086369','5','FIELD_ENGG','[{"changed": {"fields": ["role_name"]}}]',10,1,2),
 (12,'2019-02-18 13:52:42.411655','6','PD','[{"added": {}}]',10,1,1),
 (13,'2019-02-18 13:52:49.376694','7','DPD','[{"added": {}}]',10,1,1),
 (14,'2019-02-18 13:53:06.047676','8','SP_ADMIN','[{"added": {}}]',10,1,1),
 (15,'2019-02-18 13:53:27.255714','9','CSE','[{"added": {}}]',10,1,1),
 (16,'2019-02-18 13:53:47.886824','5','FIELD_ENGG_CONSL','[{"changed": {"fields": ["role_name"]}}]',10,1,2),
 (17,'2019-02-18 13:54:03.675447','9','CSE_CONSL','[{"changed": {"fields": ["role_name"]}}]',10,1,2),
 (18,'2019-02-18 13:54:16.088355','4','SITE_ENGG_CONC','[{"changed": {"fields": ["role_name"]}}]',10,1,2),
 (19,'2019-02-18 13:54:27.987708','10','CONC','[{"added": {}}]',10,1,1),
 (20,'2019-02-18 13:54:46.488784','10','CONC1_CONC','[{"changed": {"fields": ["role_name"]}}]',10,1,2),
 (21,'2019-02-18 13:55:02.929192','11','CONC2_CONC','[{"added": {}}]',10,1,1),
 (22,'2019-02-18 13:55:23.549822','12','CONC3_CONC','[{"added": {}}]',10,1,1),
 (23,'2019-02-18 13:56:35.571312','13','GUEST','[{"added": {}}]',10,1,1),
 (24,'2019-02-18 14:37:46.569986','1','Profile object (1)','[{"added": {}}]',11,1,1),
 (25,'2019-02-18 15:07:06.390013','2','_XEN','[{"changed": {"fields": ["role"]}}]',11,1,2),
 (26,'2019-02-19 19:06:15.068315','5','xenhobiganj','[{"changed": {"fields": ["first_name", "last_name", "email"]}}]',4,1,2),
 (27,'2019-02-20 04:27:30.526852','1',' Kishoreganj','[{"added": {}}]',19,1,1),
 (28,'2019-02-20 04:27:43.633629','2',' Netrokon','[{"added": {}}]',19,1,1),
 (29,'2019-02-20 04:28:00.374840','3',' Sunamgonj','[{"added": {}}]',19,1,1),
 (30,'2019-02-20 04:28:10.196252','4',' Hobiganj','[{"added": {}}]',19,1,1),
 (31,'2019-02-20 04:28:53.962148','1',' Kishoreganj WD Division None','[{"added": {}}]',16,1,1),
 (32,'2019-02-20 04:29:40.182653','2',' Netrokona O&M Division None','[{"added": {}}]',16,1,1),
 (33,'2019-02-20 04:29:50.548111','3',' Netrokona O&M Division None','[{"added": {}}]',16,1,1),
 (34,'2019-02-20 04:30:21.692792','2',' Netrokona','[{"changed": {"fields": ["name"]}}]',19,1,2),
 (35,'2019-02-20 04:30:34.508000','2',' Netrokona','[]',19,1,2),
 (36,'2019-02-20 04:31:00.981013','2',' Netrokona O&M Division None','',16,1,3),
 (37,'2019-02-20 04:31:52.341032','4',' Sunamgonj O&M Division-1 None','[{"added": {}}]',16,1,1),
 (38,'2019-02-20 04:32:07.648545','5',' Sunamgonj O&M Division-2 None','[{"added": {}}]',16,1,1),
 (39,'2019-02-20 04:34:56.010447','6',' Hobiganj O&M Division None','[{"added": {}}]',16,1,1),
 (40,'2019-02-20 04:40:30.592949','1',' A','[{"added": {}}]',14,1,1),
 (41,'2019-02-20 04:40:35.744467','2',' B','[{"added": {}}]',14,1,1),
 (42,'2019-02-20 04:40:40.367702','3',' C','[{"added": {}}]',14,1,1),
 (43,'2019-02-20 04:40:46.977454','4',' D','[{"added": {}}]',14,1,1),
 (44,'2019-02-20 04:40:55.502084','5',' E','[{"added": {}}]',14,1,1),
 (45,'2019-02-20 04:41:02.075590','6',' F','[{"added": {}}]',14,1,1),
 (46,'2019-02-20 04:41:10.105790','7',' G','[{"added": {}}]',14,1,1),
 (47,'2019-02-20 04:41:20.443264','8',' H','[{"added": {}}]',14,1,1),
 (48,'2019-02-20 04:41:48.992594','1',' EMB','[{"added": {}}]',21,1,1),
 (49,'2019-02-20 04:41:56.209143','2',' SUBEMB','[{"added": {}}]',21,1,1),
 (50,'2019-02-20 04:42:02.595055','3',' EXKHL','[{"added": {}}]',21,1,1),
 (51,'2019-02-20 04:42:13.706903','4',' EXRIV','[{"added": {}}]',21,1,1),
 (52,'2019-02-20 04:42:21.016151','5',' REG','[{"added": {}}]',21,1,1),
 (53,'2019-02-20 04:42:28.441498','6',' CASW','[{"added": {}}]',21,1,1),
 (54,'2019-02-20 04:42:36.144153','7',' IRIN','[{"added": {}}]',21,1,1),
 (55,'2019-02-20 04:42:43.957649','8',' WMGO','[{"added": {}}]',21,1,1),
 (56,'2019-02-20 09:34:08.902723','1',' Boro Haor Project,New,','[{"added": {}}]',15,1,1),
 (57,'2019-02-20 09:34:34.754348','2',' Naogaon Haor Project,New,','[{"added": {}}]',15,1,1),
 (58,'2019-02-20 09:34:52.307302','3',' Jaliar Haor Project,New,','[{"added": {}}]',15,1,1),
 (59,'2019-02-20 09:35:10.601433','4',' Dharmapasha Rui Beel Project,New,','[{"added": {}}]',15,1,1),
 (60,'2019-02-20 09:35:36.965065','5',' Chandpur Haor Project,New,','[{"added": {}}]',15,1,1),
 (61,'2019-02-20 09:36:02.906346','6',' Suniar Haor Project,New,','[{"added": {}}]',15,1,1),
 (62,'2019-02-20 09:36:17.475598','7',' Badla Haor Project,New,','[{"added": {}}]',15,1,1),
 (63,'2019-02-20 09:36:35.937673','8',' Nunnir Haor Project,New,','[{"added": {}}]',15,1,1),
 (64,'2019-02-20 09:37:03.616051','9',' Dakhshiner Haor Project,New,','[{"added": {}}]',15,1,1),
 (65,'2019-02-20 09:37:58.356639','10',' Chatal Haor Project,New,','[{"added": {}}]',15,1,1),
 (66,'2019-02-20 09:38:15.368000','11',' Ganesh Haor Project,New,','[{"added": {}}]',15,1,1),
 (67,'2019-02-20 09:39:19.352720','12',' Dhakua Haor Project,New,','[{"added": {}}]',15,1,1),
 (68,'2019-02-20 09:39:36.424871','13',' Mokhar Haor Project,New,','[{"added": {}}]',15,1,1),
 (69,'2019-02-20 09:39:56.270089','14',' Noapara Haor Project,New,','[{"added": {}}]',15,1,1),
 (70,'2019-02-20 09:40:14.215139','15',' Dampara Water Management Scheme,Old,','[{"added": {}}]',15,1,1),
 (71,'2019-02-20 09:40:39.244933','16',' Kangsa River Scheme,Old,','[{"added": {}}]',15,1,1),
 (72,'2019-02-20 09:40:54.856628','17',' Singer Beel Scheme,Old,','[{"added": {}}]',15,1,1),
 (73,'2019-02-20 09:41:24.430499','18',' Baraikhali Khal Scheme,Old,','[{"added": {}}]',15,1,1),
 (74,'2019-02-20 09:41:47.562518','19',' Alalia-Bahadia Scheme,Old,','[{"added": {}}]',15,1,1),
 (75,'2019-02-20 09:42:06.329868','20',' Modkhola Bhairagir char Sub-Project Scheme,Old,','[{"added": {}}]',15,1,1),
 (76,'2019-02-20 09:42:21.891916','21',' Ganak khalli Sub-scheme,Old,','[{"added": {}}]',15,1,1),
 (77,'2019-02-20 09:42:42.278913','22',' Kairdhala Ratna Scheme,Old,','[{"added": {}}]',15,1,1),
 (78,'2019-02-20 09:43:13.678104','23',' Bahira River Scheme,Old,','[{"added": {}}]',15,1,1),
 (79,'2019-02-20 09:43:33.545153','24',' Aralia Khal Scheme,Old,','[{"added": {}}]',15,1,1),
 (80,'2019-02-20 09:43:52.819464','25',' Chandal Beel Scheme,Old,','[{"added": {}}]',15,1,1),
 (81,'2019-02-20 09:44:08.477883','26',' Satdona Beel Scheme,Old,','[{"added": {}}]',15,1,1),
 (82,'2019-02-20 09:44:23.254316','27',' Gangajuri FCD sub-project,Old,','[{"added": {}}]',15,1,1),
 (83,'2019-02-20 09:44:48.609996','28',' Khaliajuri Polder #02 Scheme,Old,','[{"added": {}}]',15,1,1),
 (84,'2019-02-20 09:45:06.085758','29',' Khaliajuri Polder #04 Scheme,Old,','[{"added": {}}]',15,1,1),
 (85,'2019-02-20 12:25:13.920950','1','DPP_Intervention object (1)','[{"added": {}}]',23,1,1),
 (86,'2019-02-20 19:23:00.688620','18','2-Vent Regulator at Km12.18 in Chandpur Haor Project in Chandpur Haor Project','[{"added": {}}]',23,1,1),
 (87,'2019-02-20 19:25:53.879817','19','1-Vent Regulator at Km23.85 in Nunnir Haor Project in Nunnir Haor Project','[{"added": {}}]',23,1,1),
 (88,'2019-02-20 22:09:01.718182','19','1-Vent Regulator at Km23.85 in Nunnir Haor Project in Nunnir Haor Project','',23,1,3),
 (89,'2019-02-20 22:09:12.713910','18','2-Vent Regulator at Km12.18 in Chandpur Haor Project in Chandpur Haor Project','',23,1,3),
 (90,'2019-02-20 22:18:19.348015','20','2-Vent Regulator at Km12.18 in Chandpur Haor Project  in Chandpur Haor Project','new through import_export',23,1,1),
 (91,'2019-02-20 22:18:19.612866','21','1-Vent Regulator at Km23.85 in Nunnir Haor Project  in Nunnir Haor Project','new through import_export',23,1,1),
 (92,'2019-02-20 22:18:19.874718','22','1-Vent Regulator at Km2.62 in Nunnir Haor Project  in Nunnir Haor Project','new through import_export',23,1,1),
 (93,'2019-02-20 22:18:20.156553','23','1-Vent Regulator at Km3.2 in Nunnir Haor Project  in Nunnir Haor Project','new through import_export',23,1,1),
 (94,'2019-02-20 22:18:20.437404','24','3-Vent Regulator at Km0.78 in Nunnir Haor Project  in Nunnir Haor Project','new through import_export',23,1,1),
 (95,'2019-02-20 22:18:20.745218','25','4-Vent Regulator at Km15.3 in Nunnir Haor Project  in Nunnir Haor Project','new through import_export',23,1,1),
 (96,'2019-02-20 22:18:20.956114','26','4-Vent Regulator at Km14.1 in Nunnir Haor Project  in Nunnir Haor Project','new through import_export',23,1,1),
 (97,'2019-02-20 22:18:21.182987','27','1-Vent Regulator at Km17.1 in Boro Haor Project in Boro Haor Project','new through import_export',23,1,1),
 (98,'2019-02-20 22:18:21.390851','28','1-Vent Regulator at Km19.9 in Boro Haor Project in Boro Haor Project','new through import_export',23,1,1),
 (99,'2019-02-20 22:18:21.619719','29','2-Vent Regulator at Km23.4 in Boro Haor Project in Boro Haor Project','new through import_export',23,1,1),
 (100,'2019-02-20 22:18:21.822606','30','2-Vent Regulator at Km35.2 in Boro Haor Project in Boro Haor Project','new through import_export',23,1,1),
 (101,'2019-02-20 22:18:22.056476','31','14-Vent Regulator at Km1.64 in Boro Haor Project in Boro Haor Project','new through import_export',23,1,1),
 (102,'2019-02-20 22:18:22.326342','32','1-Vent Regulator at Km4.77 in Noapara Haor Project  in Noapara Haor Project','new through import_export',23,1,1),
 (103,'2019-02-20 22:18:22.559198','33','1-Vent Regulator at Km12.34 in Noapara Haor Project  in Noapara Haor Project','new through import_export',23,1,1),
 (104,'2019-02-20 22:18:22.777059','34','2-Vent Regulator at Km16.13 in Noapara Haor Project  in Noapara Haor Project','new through import_export',23,1,1),
 (105,'2019-02-20 22:18:22.966952','35','3-Vent Regulator at Km22.64 in Noapara Haor Project  in Noapara Haor Project','new through import_export',23,1,1),
 (106,'2019-02-20 22:18:23.277775','36','4-Vent Regulator at Km2.09 in Noapara Haor Project  in Noapara Haor Project','new through import_export',23,1,1),
 (107,'2019-02-20 22:18:23.555615','37','1-Vent Regulator at Km4.07 in Naogaon Haor Project  in Naogaon Haor Project','new through import_export',23,1,1),
 (108,'2019-02-20 22:18:23.800476','38','2-Vent Regulator at Km6.04 in Naogaon Haor Project  in Naogaon Haor Project','new through import_export',23,1,1),
 (109,'2019-02-20 22:18:24.069324','39','2-Vent Regulator at Km5.56 in Naogaon Haor Project  in Naogaon Haor Project','new through import_export',23,1,1),
 (110,'2019-02-20 22:18:24.288197','40','2-Vent Regulator at Km14.52 in Naogaon Haor Project  in Naogaon Haor Project','new through import_export',23,1,1),
 (111,'2019-02-20 22:18:24.494098','41','2-Vent Regulator at Km33.8 in Naogaon Haor Project  in Naogaon Haor Project','new through import_export',23,1,1),
 (112,'2019-02-20 22:18:24.731943','42','3-Vent Regulator at Km44.15 in Naogaon Haor Project  in Naogaon Haor Project','new through import_export',23,1,1),
 (113,'2019-02-20 22:18:24.999792','43','4-Vent Regulator at Km16.1 in Naogaon Haor Project  in Naogaon Haor Project','new through import_export',23,1,1),
 (114,'2019-02-20 22:18:25.221664','44','1-Vent Regulator at Km24 in Badla Haor Project  in Badla Haor Project','new through import_export',23,1,1),
 (115,'2019-02-20 22:18:25.544481','45','2-Vent Regulator at Km5.73 in Badla Haor Project  in Badla Haor Project','new through import_export',23,1,1),
 (116,'2019-02-20 22:18:25.855304','46','2-Vent Regulator at Km12.25 in Chatal Haor Project  in Chatal Haor Project','new through import_export',23,1,1),
 (117,'2019-02-20 22:18:26.110161','47','2-Vent Regulator at Km23.19 in Chatal Haor Project  in Chatal Haor Project','new through import_export',23,1,1),
 (118,'2019-02-20 22:18:26.387999','48','5-Vent Regulator at Km5.13 in Dakhshiner Haor Project  in Dakhshiner Haor Project','new through import_export',23,1,1),
 (119,'2019-02-20 22:18:26.600880','49','1-Vent Regulator at Km8.24 in Suniar Haor Project  in Suniar Haor Project','new through import_export',23,1,1),
 (120,'2019-02-20 22:18:26.928717','50','1-Vent Regulator at Km16.17 in Suniar Haor Project  in Suniar Haor Project','new through import_export',23,1,1),
 (121,'2019-02-20 22:18:27.188544','51','1-Vent Regulator at Km17.74 in Suniar Haor Project  in Suniar Haor Project','new through import_export',23,1,1),
 (122,'2019-02-20 22:18:27.511360','52','6-Vent Regulator at Km33.69 in Suniar Haor Project  in Suniar Haor Project','new through import_export',23,1,1),
 (123,'2019-02-20 22:18:27.744225','53','1-Vent Regulator at Km35.97 in Mokhar Haor Project  in Mokhar Haor Project','new through import_export',23,1,1),
 (124,'2019-02-20 22:18:28.011074','54','1-Vent Regulator at Km46.9 in Mokhar Haor Project  in Mokhar Haor Project','new through import_export',23,1,1),
 (125,'2019-02-20 22:18:28.233948','55','1-Vent Regulator at Km51.58 in Mokhar Haor Project  in Mokhar Haor Project','new through import_export',23,1,1),
 (126,'2019-02-20 22:18:28.423840','56','1-Vent Regulator at Km65.45 in Mokhar Haor Project  in Mokhar Haor Project','new through import_export',23,1,1),
 (127,'2019-02-20 22:18:28.577752','57','1-Vent Regulator at Km72.66 in Mokhar Haor Project  in Mokhar Haor Project','new through import_export',23,1,1),
 (128,'2019-02-20 22:18:28.744657','58','2-Vent Regulator at Km81.2 in Mokhar Haor Project  in Mokhar Haor Project','new through import_export',23,1,1),
 (129,'2019-02-20 22:18:28.936557','59','4-Vent Regulator at Km7.61 in Mokhar Haor Project  in Mokhar Haor Project','new through import_export',23,1,1),
 (130,'2019-02-20 22:18:29.055478','60','1-Vent Regulator at Km18.02 in Ganesh Haor Project  in Ganesh Haor Project','new through import_export',23,1,1),
 (131,'2019-02-20 22:18:29.300357','61','1-Vent Regulator at Km27.27 in Ganesh Haor Project  in Ganesh Haor Project','new through import_export',23,1,1),
 (132,'2019-02-20 22:18:29.544201','62','1-Vent Regulator at Km29.67 in Ganesh Haor Project  in Ganesh Haor Project','new through import_export',23,1,1),
 (133,'2019-02-20 22:18:29.746085','63','4-Vent Regulator at Km22.27 in Ganesh Haor Project  in Ganesh Haor Project','new through import_export',23,1,1),
 (134,'2019-02-20 22:18:29.911991','64','2-Vent Regulator at Km34.28 in Dharmapasha Rui Beel Project  in Dharmapasha Rui Beel Project','new through import_export',23,1,1),
 (135,'2019-02-20 22:18:30.166845','65','2-Vent Regulator at Km47.31 in Dharmapasha Rui Beel Project  in Dharmapasha Rui Beel Project','new through import_export',23,1,1),
 (136,'2019-02-20 22:18:30.412703','66','2-Vent Regulator at Km54.42 in Dharmapasha Rui Beel Project  in Dharmapasha Rui Beel Project','new through import_export',23,1,1),
 (137,'2019-02-20 22:18:30.533636','67','4-Vent Regulator at Km2.07 in Dharmapasha Rui Beel Project  in Dharmapasha Rui Beel Project','new through import_export',23,1,1),
 (138,'2019-02-20 22:18:30.755510','68','1-Vent Regulator at Km5 in Jaliar Haor Project  in Jaliar Haor Project','new through import_export',23,1,1),
 (139,'2019-02-20 22:18:30.911420','69','2-Vent Regulator at Km9.25 in Jaliar Haor Project  in Jaliar Haor Project','new through import_export',23,1,1),
 (140,'2019-02-20 22:18:31.067331','70','3-Vent Regulator at Km15.64 in Jaliar Haor Project  in Jaliar Haor Project','new through import_export',23,1,1),
 (141,'2019-02-20 22:18:31.267218','71','1-Vent Regulator at Km20.77 in Dhakua Haor Project  in Dhakua Haor Project','new through import_export',23,1,1),
 (142,'2019-02-20 22:18:31.467103','72','1-Vent Regulator at Km24.16 in Dhakua Haor Project  in Dhakua Haor Project','new through import_export',23,1,1),
 (143,'2019-02-20 22:18:31.689977','73','1-Vent Regulator at Km25.72 in Dhakua Haor Project  in Dhakua Haor Project','new through import_export',23,1,1),
 (144,'2019-02-20 22:18:31.965818','74','1-Vent Regulator at Km26.45 in Dhakua Haor Project  in Dhakua Haor Project','new through import_export',23,1,1),
 (145,'2019-02-20 22:18:32.166711','75','2-Vent Regulator at Km27.51 in Dhakua Haor Project  in Dhakua Haor Project','new through import_export',23,1,1),
 (146,'2019-02-20 22:18:32.354597','76','2-Vent Regulator at Km in Dhakua Haor Project  in Dhakua Haor Project','new through import_export',23,1,1),
 (147,'2019-02-20 22:42:12.882640','77','4m causeway at km 21.77 in Nunnir Haor Project  in Nunnir Haor Project','new through import_export',23,1,1),
 (148,'2019-02-20 22:42:13.024561','78','4m causeway at km 14.05 in Boro Haor Project in Boro Haor Project','new through import_export',23,1,1),
 (149,'2019-02-20 22:42:13.178470','79','4m causeway at km 27 in Boro Haor Project in Boro Haor Project','new through import_export',23,1,1),
 (150,'2019-02-20 22:42:13.312396','80','6m causeway at km 33.3 in Boro Haor Project in Boro Haor Project','new through import_export',23,1,1),
 (151,'2019-02-20 22:42:13.444318','81','4m causeway at km 23.38 in Noapara Haor Project  in Noapara Haor Project','new through import_export',23,1,1),
 (152,'2019-02-20 22:42:13.567250','82','4m causeway at km 12.44 in Naogaon Haor Project  in Naogaon Haor Project','new through import_export',23,1,1),
 (153,'2019-02-20 22:42:13.700173','83','4m causeway at km 24.06 in Naogaon Haor Project  in Naogaon Haor Project','new through import_export',23,1,1),
 (154,'2019-02-20 22:42:13.823103','84','4m causeway at km 39.07 in Naogaon Haor Project  in Naogaon Haor Project','new through import_export',23,1,1),
 (155,'2019-02-20 22:42:13.945035','85','6m causeway at km 44.2 in Naogaon Haor Project  in Naogaon Haor Project','new through import_export',23,1,1),
 (156,'2019-02-20 22:42:14.102966','86','4m causeway at km 7.15 in Badla Haor Project  in Badla Haor Project','new through import_export',23,1,1),
 (157,'2019-02-20 22:42:14.245864','87','4m causeway at km 0.02 in Dakhshiner Haor Project  in Dakhshiner Haor Project','new through import_export',23,1,1),
 (158,'2019-02-20 22:42:14.379785','88','6m causeway at km 12.38 in Dakhshiner Haor Project  in Dakhshiner Haor Project','new through import_export',23,1,1),
 (159,'2019-02-20 22:42:14.500717','89','6m causeway at km 23.46 in Dakhshiner Haor Project  in Dakhshiner Haor Project','new through import_export',23,1,1),
 (160,'2019-02-20 22:42:14.623648','90','4m causeway at km 17.71 in Suniar Haor Project  in Suniar Haor Project','new through import_export',23,1,1),
 (161,'2019-02-20 22:42:14.756570','91','4m causeway at km 9.84 in Suniar Haor Project  in Suniar Haor Project','new through import_export',23,1,1),
 (162,'2019-02-20 22:42:14.900488','92','4m causeway at km 17.28 in Mokhar Haor Project  in Mokhar Haor Project','new through import_export',23,1,1),
 (163,'2019-02-20 22:42:15.033412','93','4m causeway at km 42.78 in Mokhar Haor Project  in Mokhar Haor Project','new through import_export',23,1,1),
 (164,'2019-02-20 22:42:15.157345','94','6m causeway at km 69.7 in Mokhar Haor Project  in Mokhar Haor Project','new through import_export',23,1,1),
 (165,'2019-02-20 22:42:15.279273','95','6m causeway at km 70.6 in Mokhar Haor Project  in Mokhar Haor Project','new through import_export',23,1,1),
 (166,'2019-02-20 22:42:15.420192','96','4m causeway at km 3.1 in Dharmapasha Rui Beel Project  in Dharmapasha Rui Beel Project','new through import_export',23,1,1),
 (167,'2019-02-20 22:42:15.579104','97','4m causeway at km 12.56 in Dharmapasha Rui Beel Project  in Dharmapasha Rui Beel Project','new through import_export',23,1,1),
 (168,'2019-02-20 22:42:15.718029','98','4m causeway at km 22.27 in Dharmapasha Rui Beel Project  in Dharmapasha Rui Beel Project','new through import_export',23,1,1),
 (169,'2019-02-20 22:42:15.856943','99','4m causeway at km 26.98 in Dharmapasha Rui Beel Project  in Dharmapasha Rui Beel Project','new through import_export',23,1,1),
 (170,'2019-02-20 22:42:16.002862','100','4m causeway at km 27.77 in Dharmapasha Rui Beel Project  in Dharmapasha Rui Beel Project','new through import_export',23,1,1),
 (171,'2019-02-20 22:42:16.133786','101','6m causeway at km 38.74 in Dharmapasha Rui Beel Project  in Dharmapasha Rui Beel Project','new through import_export',23,1,1),
 (172,'2019-02-20 22:42:16.339687','102','4m causeway at km 0.1 in Jaliar Haor Project  in Jaliar Haor Project','new through import_export',23,1,1),
 (173,'2019-02-20 22:42:16.505575','103','4m causeway at km 0.4 in Jaliar Haor Project  in Jaliar Haor Project','new through import_export',23,1,1),
 (174,'2019-02-20 22:42:16.734442','104','4m causeway at km 1.54 in Jaliar Haor Project  in Jaliar Haor Project','new through import_export',23,1,1),
 (175,'2019-02-20 22:42:16.868369','105','4m causeway at km 3.46 in Jaliar Haor Project  in Jaliar Haor Project','new through import_export',23,1,1),
 (176,'2019-02-20 22:42:17.034273','106','4m causeway at km 6.33 in Jaliar Haor Project  in Jaliar Haor Project','new through import_export',23,1,1),
 (177,'2019-02-20 22:42:17.157203','107','4m causeway at km 9.24 in Jaliar Haor Project  in Jaliar Haor Project','new through import_export',23,1,1),
 (178,'2019-02-20 22:42:17.279131','108','6m causeway at km 12.3 in Jaliar Haor Project  in Jaliar Haor Project','new through import_export',23,1,1),
 (179,'2019-02-20 22:42:17.402064','109','4m causeway at km 4.93 in Dhakua Haor Project  in Dhakua Haor Project','new through import_export',23,1,1),
 (180,'2019-02-20 22:42:17.522992','110','4m causeway at km 16.33 in Dhakua Haor Project  in Dhakua Haor Project','new through import_export',23,1,1),
 (181,'2019-02-20 22:42:17.689898','111','6m causeway at km 18.56 in Dhakua Haor Project  in Dhakua Haor Project','new through import_export',23,1,1),
 (182,'2019-02-20 23:09:00.996638','9',' BOXSL','[{"added": {}}]',21,1,1),
 (183,'2019-02-20 23:12:13.003476','112','Box Sluice at Km7.74 in Nunnir Haor Project  in Nunnir Haor Project','new through import_export',23,1,1),
 (184,'2019-02-20 23:12:13.142394','113','Box Sluice at Km14 in Boro Haor Project in Boro Haor Project','new through import_export',23,1,1),
 (185,'2019-02-20 23:12:13.298308','114','Box Sluice at Km10.48 in Noapara Haor Project  in Noapara Haor Project','new through import_export',23,1,1),
 (186,'2019-02-20 23:12:13.453219','115','Box Sluice at Km11.17 in Noapara Haor Project  in Noapara Haor Project','new through import_export',23,1,1),
 (187,'2019-02-20 23:12:13.594161','116','Box Sluice at Km6.65 in Naogaon Haor Project  in Naogaon Haor Project','new through import_export',23,1,1),
 (188,'2019-02-20 23:12:13.742054','117','Box Sluice at Km9.39 in Naogaon Haor Project  in Naogaon Haor Project','new through import_export',23,1,1),
 (189,'2019-02-20 23:12:13.910959','118','Box Sluice at Km11.21 in Naogaon Haor Project  in Naogaon Haor Project','new through import_export',23,1,1),
 (190,'2019-02-20 23:12:14.042881','119','Box Sluice at Km13.7 in Naogaon Haor Project  in Naogaon Haor Project','new through import_export',23,1,1),
 (191,'2019-02-20 23:12:14.258757','120','Box Sluice at Km18.24 in Naogaon Haor Project  in Naogaon Haor Project','new through import_export',23,1,1),
 (192,'2019-02-20 23:12:14.413675','121','Box Sluice at Km19.5 in Badla Haor Project  in Badla Haor Project','new through import_export',23,1,1),
 (193,'2019-02-20 23:12:14.569580','122','Box Sluice at Km22.3 in Badla Haor Project  in Badla Haor Project','new through import_export',23,1,1),
 (194,'2019-02-20 23:12:14.720493','123','Box Sluice at Km23.6 in Badla Haor Project  in Badla Haor Project','new through import_export',23,1,1),
 (195,'2019-02-20 23:12:14.893413','124','Box Sluice at Km2.74 in Chatal Haor Project  in Chatal Haor Project','new through import_export',23,1,1),
 (196,'2019-02-20 23:12:15.075292','125','Box Sluice at Km24.23 in Dakhshiner Haor Project  in Dakhshiner Haor Project','new through import_export',23,1,1),
 (197,'2019-02-20 23:12:15.224206','126','Box Sluice at Km50.01 in Mokhar Haor Project  in Mokhar Haor Project','new through import_export',23,1,1),
 (198,'2019-02-20 23:12:15.365125','127','Box Sluice at Km60.35 in Mokhar Haor Project  in Mokhar Haor Project','new through import_export',23,1,1),
 (199,'2019-02-20 23:12:15.555018','128','Box Sluice at Km63.25 in Mokhar Haor Project  in Mokhar Haor Project','new through import_export',23,1,1),
 (200,'2019-02-20 23:12:15.697935','129','Box Sluice at Km70.5 in Mokhar Haor Project  in Mokhar Haor Project','new through import_export',23,1,1),
 (201,'2019-02-20 23:12:15.860845','130','Box Sluice at Km76.38 in Mokhar Haor Project  in Mokhar Haor Project','new through import_export',23,1,1),
 (202,'2019-02-20 23:12:16.008762','131','Box Sluice at Km77.61 in Mokhar Haor Project  in Mokhar Haor Project','new through import_export',23,1,1),
 (203,'2019-02-20 23:12:16.157701','132','Box Sluice at Km79.24 in Mokhar Haor Project  in Mokhar Haor Project','new through import_export',23,1,1),
 (204,'2019-02-20 23:12:16.319580','133','Box Sluice at Km79.75 in Mokhar Haor Project  in Mokhar Haor Project','new through import_export',23,1,1),
 (205,'2019-02-20 23:12:16.456507','134','Box Sluice at Km81.03 in Mokhar Haor Project  in Mokhar Haor Project','new through import_export',23,1,1),
 (206,'2019-02-20 23:12:16.621409','135','Box Sluice at Km15.16 in Ganesh Haor Project  in Ganesh Haor Project','new through import_export',23,1,1),
 (207,'2019-02-20 23:12:16.776322','136','Box Sluice at Km24.58 in Ganesh Haor Project  in Ganesh Haor Project','new through import_export',23,1,1),
 (208,'2019-02-20 23:12:16.985203','137','Box Sluice at Km1.75 in Dharmapasha Rui Beel Project  in Dharmapasha Rui Beel Project','new through import_export',23,1,1),
 (209,'2019-02-20 23:12:17.164112','138','Box Sluice at Km7.8 in Dharmapasha Rui Beel Project  in Dharmapasha Rui Beel Project','new through import_export',23,1,1),
 (210,'2019-02-20 23:12:17.321013','139','Box Sluice at Km33.08 in Dharmapasha Rui Beel Project  in Dharmapasha Rui Beel Project','new through import_export',23,1,1),
 (211,'2019-02-20 23:12:17.467926','140','Box Sluice at Km40.66 in Dharmapasha Rui Beel Project  in Dharmapasha Rui Beel Project','new through import_export',23,1,1),
 (212,'2019-02-20 23:12:17.609845','141','Box Sluice at Km43.13 in Dharmapasha Rui Beel Project  in Dharmapasha Rui Beel Project','new through import_export',23,1,1),
 (213,'2019-02-20 23:12:17.754765','142','Box Sluice at Km48.05 in Dharmapasha Rui Beel Project  in Dharmapasha Rui Beel Project','new through import_export',23,1,1),
 (214,'2019-02-20 23:12:17.887689','143','Box Sluice at Km3.45 in Jaliar Haor Project  in Jaliar Haor Project','new through import_export',23,1,1),
 (215,'2019-02-20 23:12:18.031606','144','Box Sluice at Km3.56 in Jaliar Haor Project  in Jaliar Haor Project','new through import_export',23,1,1),
 (216,'2019-02-20 23:12:18.165529','145','Box Sluice at Km4.73 in Jaliar Haor Project  in Jaliar Haor Project','new through import_export',23,1,1),
 (217,'2019-02-20 23:12:18.299453','146','Box Sluice at Km6.63 in Jaliar Haor Project  in Jaliar Haor Project','new through import_export',23,1,1),
 (218,'2019-02-20 23:12:18.443369','147','Box Sluice at Km24.7 in Jaliar Haor Project  in Jaliar Haor Project','new through import_export',23,1,1),
 (219,'2019-02-20 23:12:18.604308','148','Box Sluice at Km1 in Jaliar Haor Project  in Jaliar Haor Project','new through import_export',23,1,1),
 (220,'2019-02-20 23:12:18.754192','149','Box Sluice at Km12.64 in Jaliar Haor Project  in Jaliar Haor Project','new through import_export',23,1,1),
 (221,'2019-02-20 23:12:18.893116','150','Box Sluice at Km14.72 in Dhakua Haor Project  in Dhakua Haor Project','new through import_export',23,1,1),
 (222,'2019-02-20 23:12:19.033034','151','Box Sluice at Km19.93 in Dhakua Haor Project  in Dhakua Haor Project','new through import_export',23,1,1),
 (223,'2019-02-20 23:12:19.165960','152','Box Sluice at Km28.2 in Dhakua Haor Project  in Dhakua Haor Project','new through import_export',23,1,1),
 (224,'2019-02-20 23:12:19.309879','153','Box Sluice at Km50.74 in Dhakua Haor Project  in Dhakua Haor Project','new through import_export',23,1,1),
 (225,'2019-02-20 23:12:19.442802','154','Box Sluice at Km53.78 in Dhakua Haor Project  in Dhakua Haor Project','new through import_export',23,1,1),
 (226,'2019-02-20 23:12:19.598712','155','Box Sluice at Km55.4 in Dhakua Haor Project  in Dhakua Haor Project','new through import_export',23,1,1),
 (227,'2019-02-20 23:24:02.112158','156','Irrigation Inlet No-1 in  Nunnir Haor Project  in Nunnir Haor Project','new through import_export',23,1,1),
 (228,'2019-02-20 23:24:02.265067','157','Irrigation Inlet No-2 in  Nunnir Haor Project  in Nunnir Haor Project','new through import_export',23,1,1),
 (229,'2019-02-20 23:24:02.419979','158','Irrigation Inlet No-3 in  Nunnir Haor Project  in Nunnir Haor Project','new through import_export',23,1,1),
 (230,'2019-02-20 23:24:02.586884','159','Irrigation Inlet No-4 in  Nunnir Haor Project  in Nunnir Haor Project','new through import_export',23,1,1),
 (231,'2019-02-20 23:24:02.728829','160','Irrigation Inlet No-5 in  Nunnir Haor Project  in Nunnir Haor Project','new through import_export',23,1,1),
 (232,'2019-02-20 23:24:02.875718','161','Irrigation Inlet No-6 in  Nunnir Haor Project  in Nunnir Haor Project','new through import_export',23,1,1),
 (233,'2019-02-20 23:24:03.009642','162','Irrigation Inlet No-7 in  Nunnir Haor Project  in Nunnir Haor Project','new through import_export',23,1,1),
 (234,'2019-02-20 23:24:03.145565','163','Irrigation Inlet No-8 in  Nunnir Haor Project  in Nunnir Haor Project','new through import_export',23,1,1),
 (235,'2019-02-20 23:24:03.286485','164','Irrigation Inlet No-9 in  Nunnir Haor Project  in Nunnir Haor Project','new through import_export',23,1,1),
 (236,'2019-02-20 23:24:03.461399','165','Irrigation Inlet No-10 in  Nunnir Haor Project  in Nunnir Haor Project','new through import_export',23,1,1),
 (237,'2019-02-20 23:24:03.619294','166','Irrigation Inlet No-11 in  Nunnir Haor Project  in Nunnir Haor Project','new through import_export',23,1,1),
 (238,'2019-02-20 23:24:03.769217','167','Irrigation Inlet No-12 in  Nunnir Haor Project  in Nunnir Haor Project','new through import_export',23,1,1),
 (239,'2019-02-20 23:24:03.931117','168','Irrigation Inlet No-13 in  Nunnir Haor Project  in Nunnir Haor Project','new through import_export',23,1,1),
 (240,'2019-02-20 23:24:04.087029','169','Irrigation Inlet No-14 in  Nunnir Haor Project  in Nunnir Haor Project','new through import_export',23,1,1),
 (241,'2019-02-20 23:24:04.226966','170','Irrigation Inlet No-15 in  Nunnir Haor Project  in Nunnir Haor Project','new through import_export',23,1,1),
 (242,'2019-02-20 23:24:04.387856','171','Irrigation Inlet No-16 in  Boro Haor Project in Boro Haor Project','new through import_export',23,1,1),
 (243,'2019-02-20 23:24:04.586742','172','Irrigation Inlet No-17 in  Boro Haor Project in Boro Haor Project','new through import_export',23,1,1),
 (244,'2019-02-20 23:24:04.743654','173','Irrigation Inlet No-18 in  Boro Haor Project in Boro Haor Project','new through import_export',23,1,1),
 (245,'2019-02-20 23:24:04.897571','174','Irrigation Inlet No-19 in  Boro Haor Project in Boro Haor Project','new through import_export',23,1,1),
 (246,'2019-02-20 23:24:05.032488','175','Irrigation Inlet No-20 in  Boro Haor Project in Boro Haor Project','new through import_export',23,1,1),
 (247,'2019-02-20 23:24:05.177411','176','Irrigation Inlet No-21 in  Boro Haor Project in Boro Haor Project','new through import_export',23,1,1),
 (248,'2019-02-20 23:24:05.320324','177','Irrigation Inlet No-22 in  Boro Haor Project in Boro Haor Project','new through import_export',23,1,1),
 (249,'2019-02-20 23:24:05.478235','178','Irrigation Inlet No-23 in  Noapara Haor Project  in Noapara Haor Project','new through import_export',23,1,1),
 (250,'2019-02-20 23:24:05.620157','179','Irrigation Inlet No-24 in  Noapara Haor Project  in Noapara Haor Project','new through import_export',23,1,1),
 (251,'2019-02-20 23:24:05.779065','180','Irrigation Inlet No-25 in  Noapara Haor Project  in Noapara Haor Project','new through import_export',23,1,1),
 (252,'2019-02-20 23:24:05.942971','181','Irrigation Inlet No-26 in  Noapara Haor Project  in Noapara Haor Project','new through import_export',23,1,1),
 (253,'2019-02-20 23:24:06.131864','182','Irrigation Inlet No-27 in  Noapara Haor Project  in Noapara Haor Project','new through import_export',23,1,1),
 (254,'2019-02-20 23:24:06.278777','183','Irrigation Inlet No-28 in  Noapara Haor Project  in Noapara Haor Project','new through import_export',23,1,1),
 (255,'2019-02-20 23:24:06.430690','184','Irrigation Inlet No-29 in  Noapara Haor Project  in Noapara Haor Project','new through import_export',23,1,1),
 (256,'2019-02-20 23:24:06.565617','185','Irrigation Inlet No-30 in  Noapara Haor Project  in Noapara Haor Project','new through import_export',23,1,1),
 (257,'2019-02-20 23:24:06.718532','186','Irrigation Inlet No-31 in  Noapara Haor Project  in Noapara Haor Project','new through import_export',23,1,1),
 (258,'2019-02-20 23:24:06.898425','187','Irrigation Inlet No-32 in  Noapara Haor Project  in Noapara Haor Project','new through import_export',23,1,1),
 (259,'2019-02-20 23:24:07.046348','188','Irrigation Inlet No-33 in  Noapara Haor Project  in Noapara Haor Project','new through import_export',23,1,1),
 (260,'2019-02-20 23:24:07.209248','189','Irrigation Inlet No-34 in  Noapara Haor Project  in Noapara Haor Project','new through import_export',23,1,1),
 (261,'2019-02-20 23:24:07.368170','190','Irrigation Inlet No-35 in  Noapara Haor Project  in Noapara Haor Project','new through import_export',23,1,1),
 (262,'2019-02-20 23:24:07.613019','191','Irrigation Inlet No-36 in  Noapara Haor Project  in Noapara Haor Project','new through import_export',23,1,1),
 (263,'2019-02-20 23:24:07.787917','192','Irrigation Inlet No-37 in  Naogaon Haor Project  in Naogaon Haor Project','new through import_export',23,1,1),
 (264,'2019-02-20 23:24:07.931834','193','Irrigation Inlet No-38 in  Naogaon Haor Project  in Naogaon Haor Project','new through import_export',23,1,1),
 (265,'2019-02-20 23:24:08.064760','194','Irrigation Inlet No-39 in  Naogaon Haor Project  in Naogaon Haor Project','new through import_export',23,1,1),
 (266,'2019-02-20 23:24:08.197683','195','Irrigation Inlet No-40 in  Naogaon Haor Project  in Naogaon Haor Project','new through import_export',23,1,1),
 (267,'2019-02-20 23:24:08.378590','196','Irrigation Inlet No-41 in  Naogaon Haor Project  in Naogaon Haor Project','new through import_export',23,1,1),
 (268,'2019-02-20 23:24:08.531493','197','Irrigation Inlet No-42 in  Naogaon Haor Project  in Naogaon Haor Project','new through import_export',23,1,1),
 (269,'2019-02-20 23:24:08.694400','198','Irrigation Inlet No-43 in  Naogaon Haor Project  in Naogaon Haor Project','new through import_export',23,1,1),
 (270,'2019-02-20 23:24:08.905287','199','Irrigation Inlet No-44 in  Naogaon Haor Project  in Naogaon Haor Project','new through import_export',23,1,1),
 (271,'2019-02-20 23:24:09.076182','200','Irrigation Inlet No-45 in  Naogaon Haor Project  in Naogaon Haor Project','new through import_export',23,1,1),
 (272,'2019-02-20 23:24:09.221103','201','Irrigation Inlet No-46 in  Naogaon Haor Project  in Naogaon Haor Project','new through import_export',23,1,1),
 (273,'2019-02-20 23:24:09.354024','202','Irrigation Inlet No-47 in  Naogaon Haor Project  in Naogaon Haor Project','new through import_export',23,1,1),
 (274,'2019-02-20 23:24:09.486946','203','Irrigation Inlet No-48 in  Naogaon Haor Project  in Naogaon Haor Project','new through import_export',23,1,1),
 (275,'2019-02-20 23:24:09.665845','204','Irrigation Inlet No-49 in  Naogaon Haor Project  in Naogaon Haor Project','new through import_export',23,1,1),
 (276,'2019-02-20 23:24:09.845776','205','Irrigation Inlet No-50 in  Naogaon Haor Project  in Naogaon Haor Project','new through import_export',23,1,1),
 (277,'2019-02-20 23:24:09.987661','206','Irrigation Inlet No-51 in  Naogaon Haor Project  in Naogaon Haor Project','new through import_export',23,1,1),
 (278,'2019-02-20 23:24:10.195544','207','Irrigation Inlet No-52 in  Naogaon Haor Project  in Naogaon Haor Project','new through import_export',23,1,1),
 (279,'2019-02-20 23:24:10.354452','208','Irrigation Inlet No-53 in  Naogaon Haor Project  in Naogaon Haor Project','new through import_export',23,1,1),
 (280,'2019-02-20 23:24:10.520389','209','Irrigation Inlet No-54 in  Naogaon Haor Project  in Naogaon Haor Project','new through import_export',23,1,1),
 (281,'2019-02-20 23:24:10.687262','210','Irrigation Inlet No-55 in  Naogaon Haor Project  in Naogaon Haor Project','new through import_export',23,1,1),
 (282,'2019-02-20 23:24:10.839182','211','Irrigation Inlet No-56 in  Naogaon Haor Project  in Naogaon Haor Project','new through import_export',23,1,1),
 (283,'2019-02-20 23:24:10.999084','212','Irrigation Inlet No-57 in  Naogaon Haor Project  in Naogaon Haor Project','new through import_export',23,1,1),
 (284,'2019-02-20 23:24:11.144009','213','Irrigation Inlet No-58 in  Naogaon Haor Project  in Naogaon Haor Project','new through import_export',23,1,1),
 (285,'2019-02-20 23:24:11.286921','214','Irrigation Inlet No-59 in  Naogaon Haor Project  in Naogaon Haor Project','new through import_export',23,1,1),
 (286,'2019-02-20 23:24:11.451828','215','Irrigation Inlet No-60 in  Naogaon Haor Project  in Naogaon Haor Project','new through import_export',23,1,1),
 (287,'2019-02-20 23:24:11.598746','216','Irrigation Inlet No-61 in  Naogaon Haor Project  in Naogaon Haor Project','new through import_export',23,1,1),
 (288,'2019-02-20 23:24:11.795633','217','Irrigation Inlet No-62 in  Badla Haor Project  in Badla Haor Project','new through import_export',23,1,1),
 (289,'2019-02-20 23:24:11.932553','218','Irrigation Inlet No-63 in  Badla Haor Project  in Badla Haor Project','new through import_export',23,1,1),
 (290,'2019-02-20 23:24:12.227385','219','Irrigation Inlet No-64 in  Badla Haor Project  in Badla Haor Project','new through import_export',23,1,1),
 (291,'2019-02-20 23:24:12.376299','220','Irrigation Inlet No-65 in  Badla Haor Project  in Badla Haor Project','new through import_export',23,1,1),
 (292,'2019-02-20 23:24:12.509224','221','Irrigation Inlet No-66 in  Badla Haor Project  in Badla Haor Project','new through import_export',23,1,1),
 (293,'2019-02-20 23:24:12.716104','222','Irrigation Inlet No-67 in  Badla Haor Project  in Badla Haor Project','new through import_export',23,1,1),
 (294,'2019-02-20 23:24:12.929002','223','Irrigation Inlet No-68 in  Chatal Haor Project  in Chatal Haor Project','new through import_export',23,1,1),
 (295,'2019-02-20 23:24:13.098886','224','Irrigation Inlet No-69 in  Chatal Haor Project  in Chatal Haor Project','new through import_export',23,1,1),
 (296,'2019-02-20 23:24:13.364737','225','Irrigation Inlet No-70 in  Chatal Haor Project  in Chatal Haor Project','new through import_export',23,1,1),
 (297,'2019-02-20 23:24:13.499659','226','Irrigation Inlet No-71 in  Chatal Haor Project  in Chatal Haor Project','new through import_export',23,1,1),
 (298,'2019-02-20 23:24:13.642580','227','Irrigation Inlet No-72 in  Dakhshiner Haor Project  in Dakhshiner Haor Project','new through import_export',23,1,1),
 (299,'2019-02-20 23:24:13.776501','228','Irrigation Inlet No-73 in  Dakhshiner Haor Project  in Dakhshiner Haor Project','new through import_export',23,1,1),
 (300,'2019-02-20 23:24:13.918419','229','Irrigation Inlet No-74 in  Dakhshiner Haor Project  in Dakhshiner Haor Project','new through import_export',23,1,1),
 (301,'2019-02-20 23:24:14.065335','230','Irrigation Inlet No-75 in  Dakhshiner Haor Project  in Dakhshiner Haor Project','new through import_export',23,1,1),
 (302,'2019-02-20 23:24:14.333182','231','Irrigation Inlet No-76 in  Dakhshiner Haor Project  in Dakhshiner Haor Project','new through import_export',23,1,1),
 (303,'2019-02-20 23:24:14.703972','232','Irrigation Inlet No-77 in  Dakhshiner Haor Project  in Dakhshiner Haor Project','new through import_export',23,1,1),
 (304,'2019-02-20 23:24:15.132747','233','Irrigation Inlet No-78 in  Dakhshiner Haor Project  in Dakhshiner Haor Project','new through import_export',23,1,1),
 (305,'2019-02-20 23:24:15.560482','234','Irrigation Inlet No-79 in  Dakhshiner Haor Project  in Dakhshiner Haor Project','new through import_export',23,1,1),
 (306,'2019-02-20 23:24:16.127160','235','Irrigation Inlet No-80 in  Dakhshiner Haor Project  in Dakhshiner Haor Project','new through import_export',23,1,1),
 (307,'2019-02-20 23:24:16.514938','236','Irrigation Inlet No-81 in  Dakhshiner Haor Project  in Dakhshiner Haor Project','new through import_export',23,1,1),
 (308,'2019-02-20 23:24:16.859741','237','Irrigation Inlet No-82 in  Dakhshiner Haor Project  in Dakhshiner Haor Project','new through import_export',23,1,1),
 (309,'2019-02-20 23:24:17.161570','238','Irrigation Inlet No-83 in  Dakhshiner Haor Project  in Dakhshiner Haor Project','new through import_export',23,1,1),
 (310,'2019-02-20 23:24:17.433415','239','Irrigation Inlet No-84 in  Dakhshiner Haor Project  in Dakhshiner Haor Project','new through import_export',23,1,1),
 (311,'2019-02-20 23:24:17.728247','240','Irrigation Inlet No-85 in  Dakhshiner Haor Project  in Dakhshiner Haor Project','new through import_export',23,1,1),
 (312,'2019-02-20 23:24:18.008098','241','Irrigation Inlet No-86 in  Dakhshiner Haor Project  in Dakhshiner Haor Project','new through import_export',23,1,1),
 (313,'2019-02-20 23:24:18.438841','242','Irrigation Inlet No-87 in  Mokhar Haor Project  in Mokhar Haor Project','new through import_export',23,1,1),
 (314,'2019-02-20 23:24:18.656737','243','Irrigation Inlet No-88 in  Mokhar Haor Project  in Mokhar Haor Project','new through import_export',23,1,1),
 (315,'2019-02-20 23:24:18.859602','244','Irrigation Inlet No-89 in  Mokhar Haor Project  in Mokhar Haor Project','new through import_export',23,1,1),
 (316,'2019-02-20 23:24:19.100485','245','Irrigation Inlet No-90 in  Mokhar Haor Project  in Mokhar Haor Project','new through import_export',23,1,1),
 (317,'2019-02-20 23:24:19.482247','246','Irrigation Inlet No-91 in  Mokhar Haor Project  in Mokhar Haor Project','new through import_export',23,1,1),
 (318,'2019-02-20 23:24:19.769091','247','Irrigation Inlet No-92 in  Mokhar Haor Project  in Mokhar Haor Project','new through import_export',23,1,1),
 (319,'2019-02-20 23:24:20.015943','248','Irrigation Inlet No-93 in  Mokhar Haor Project  in Mokhar Haor Project','new through import_export',23,1,1),
 (320,'2019-02-20 23:24:20.275814','249','Irrigation Inlet No-94 in  Mokhar Haor Project  in Mokhar Haor Project','new through import_export',23,1,1),
 (321,'2019-02-20 23:24:20.638586','250','Irrigation Inlet No-95 in  Mokhar Haor Project  in Mokhar Haor Project','new through import_export',23,1,1),
 (322,'2019-02-20 23:24:20.902435','251','Irrigation Inlet No-96 in  Mokhar Haor Project  in Mokhar Haor Project','new through import_export',23,1,1),
 (323,'2019-02-20 23:24:21.135304','252','Irrigation Inlet No-97 in  Mokhar Haor Project  in Mokhar Haor Project','new through import_export',23,1,1),
 (324,'2019-02-20 23:24:21.419146','253','Irrigation Inlet No-98 in  Mokhar Haor Project  in Mokhar Haor Project','new through import_export',23,1,1),
 (325,'2019-02-20 23:24:21.782933','254','Irrigation Inlet No-99 in  Mokhar Haor Project  in Mokhar Haor Project','new through import_export',23,1,1),
 (326,'2019-02-20 23:24:22.049781','255','Irrigation Inlet No-100 in  Mokhar Haor Project  in Mokhar Haor Project','new through import_export',23,1,1),
 (327,'2019-02-20 23:24:22.338617','256','Irrigation Inlet No-101 in  Mokhar Haor Project  in Mokhar Haor Project','new through import_export',23,1,1),
 (328,'2019-02-20 23:24:22.818352','257','Irrigation Inlet No-102 in  Ganesh Haor Project  in Ganesh Haor Project','new through import_export',23,1,1),
 (329,'2019-02-20 23:24:23.060215','258','Irrigation Inlet No-103 in  Ganesh Haor Project  in Ganesh Haor Project','new through import_export',23,1,1),
 (330,'2019-02-20 23:24:23.500958','259','Irrigation Inlet No-104 in  Dharmapasha Rui Beel Project  in Dharmapasha Rui Beel Project','new through import_export',23,1,1),
 (331,'2019-02-20 23:24:23.848754','260','Irrigation Inlet No-105 in  Dharmapasha Rui Beel Project  in Dharmapasha Rui Beel Project','new through import_export',23,1,1),
 (332,'2019-02-20 23:24:24.193560','261','Irrigation Inlet No-106 in  Dharmapasha Rui Beel Project  in Dharmapasha Rui Beel Project','new through import_export',23,1,1),
 (333,'2019-02-20 23:24:24.455410','262','Irrigation Inlet No-107 in  Dharmapasha Rui Beel Project  in Dharmapasha Rui Beel Project','new through import_export',23,1,1),
 (334,'2019-02-20 23:24:24.706267','263','Irrigation Inlet No-108 in  Dharmapasha Rui Beel Project  in Dharmapasha Rui Beel Project','new through import_export',23,1,1),
 (335,'2019-02-20 23:24:24.945130','264','Irrigation Inlet No-109 in  Dharmapasha Rui Beel Project  in Dharmapasha Rui Beel Project','new through import_export',23,1,1),
 (336,'2019-02-20 23:24:25.149013','265','Irrigation Inlet No-110 in  Dharmapasha Rui Beel Project  in Dharmapasha Rui Beel Project','new through import_export',23,1,1),
 (337,'2019-02-20 23:24:25.409866','266','Irrigation Inlet No-111 in  Dharmapasha Rui Beel Project  in Dharmapasha Rui Beel Project','new through import_export',23,1,1),
 (338,'2019-02-20 23:24:25.593759','267','Irrigation Inlet No-112 in  Dharmapasha Rui Beel Project  in Dharmapasha Rui Beel Project','new through import_export',23,1,1),
 (339,'2019-02-20 23:24:25.754668','268','Irrigation Inlet No-113 in  Dharmapasha Rui Beel Project  in Dharmapasha Rui Beel Project','new through import_export',23,1,1),
 (340,'2019-02-20 23:24:25.900588','269','Irrigation Inlet No-114 in  Dharmapasha Rui Beel Project  in Dharmapasha Rui Beel Project','new through import_export',23,1,1),
 (341,'2019-02-20 23:24:26.054496','270','Irrigation Inlet No-115 in  Dharmapasha Rui Beel Project  in Dharmapasha Rui Beel Project','new through import_export',23,1,1),
 (342,'2019-02-20 23:24:26.194418','271','Irrigation Inlet No-116 in  Dharmapasha Rui Beel Project  in Dharmapasha Rui Beel Project','new through import_export',23,1,1),
 (343,'2019-02-20 23:24:26.343336','272','Irrigation Inlet No-117 in  Dharmapasha Rui Beel Project  in Dharmapasha Rui Beel Project','new through import_export',23,1,1),
 (344,'2019-02-20 23:24:26.499242','273','Irrigation Inlet No-118 in  Dharmapasha Rui Beel Project  in Dharmapasha Rui Beel Project','new through import_export',23,1,1),
 (345,'2019-02-20 23:24:26.699129','274','Irrigation Inlet No-119 in  Jaliar Haor Project  in Jaliar Haor Project','new through import_export',23,1,1),
 (346,'2019-02-20 23:24:26.840074','275','Irrigation Inlet No-120 in  Jaliar Haor Project  in Jaliar Haor Project','new through import_export',23,1,1),
 (347,'2019-02-20 23:24:26.998957','276','Irrigation Inlet No-121 in  Jaliar Haor Project  in Jaliar Haor Project','new through import_export',23,1,1),
 (348,'2019-02-20 23:24:27.131884','277','Irrigation Inlet No-122 in  Jaliar Haor Project  in Jaliar Haor Project','new through import_export',23,1,1),
 (349,'2019-02-20 23:24:27.272825','278','Irrigation Inlet No-123 in  Dhakua Haor Project  in Dhakua Haor Project','new through import_export',23,1,1),
 (350,'2019-02-20 23:24:27.420717','279','Irrigation Inlet No-124 in  Dhakua Haor Project  in Dhakua Haor Project','new through import_export',23,1,1),
 (351,'2019-02-20 23:24:27.560662','280','Irrigation Inlet No-125 in  Dhakua Haor Project  in Dhakua Haor Project','new through import_export',23,1,1),
 (352,'2019-02-20 23:24:27.721545','281','Irrigation Inlet No-126 in  Dhakua Haor Project  in Dhakua Haor Project','new through import_export',23,1,1),
 (353,'2019-02-20 23:24:27.863495','282','Irrigation Inlet No-127 in  Dhakua Haor Project  in Dhakua Haor Project','new through import_export',23,1,1),
 (354,'2019-02-20 23:24:28.065352','283','Irrigation Inlet No-128 in  Dhakua Haor Project  in Dhakua Haor Project','new through import_export',23,1,1),
 (355,'2019-02-20 23:24:28.201273','284','Irrigation Inlet No-129 in  Dhakua Haor Project  in Dhakua Haor Project','new through import_export',23,1,1),
 (356,'2019-02-20 23:24:28.375194','285','Irrigation Inlet No-130 in  Dhakua Haor Project  in Dhakua Haor Project','new through import_export',23,1,1),
 (357,'2019-02-20 23:24:28.532083','286','Irrigation Inlet No-131 in  Dhakua Haor Project  in Dhakua Haor Project','new through import_export',23,1,1),
 (358,'2019-02-21 00:04:04.705255','287','Diakul Khal in Chandpur Haor Project','new through import_export',23,1,1),
 (359,'2019-02-21 00:04:04.946116','288','Manikkhali Khal in Chandpur Haor Project','new through import_export',23,1,1),
 (360,'2019-02-21 00:04:05.098024','289','Bamon Khal in Chandpur Haor Project','new through import_export',23,1,1),
 (361,'2019-02-21 00:04:05.229949','290','Goradar Khal in Chandpur Haor Project','new through import_export',23,1,1),
 (362,'2019-02-21 00:04:05.363874','291','Bata Khal in Chandpur Haor Project','new through import_export',23,1,1),
 (363,'2019-02-21 00:04:05.521783','292','Hajirkhali Khal in Boro Haor Project','new through import_export',23,1,1),
 (364,'2019-02-21 00:04:05.733664','293','Karpasha Khal in Boro Haor Project','new through import_export',23,1,1),
 (365,'2019-02-21 00:04:05.863589','294','Dampara Khal in Boro Haor Project','new through import_export',23,1,1),
 (366,'2019-02-21 00:04:06.049491','295','Baniajan Khal in Boro Haor Project','new through import_export',23,1,1),
 (367,'2019-02-21 00:04:06.304346','296','Suti Khal in Boro Haor Project','new through import_export',23,1,1),
 (368,'2019-02-21 00:04:06.486233','297','Diga Nadi in Boro Haor Project','new through import_export',23,1,1),
 (369,'2019-02-21 00:04:06.632153','298','Old Singua River in Boro Haor Project','new through import_export',23,1,1),
 (370,'2019-02-21 00:04:06.775069','299','Lalpur Khal in Noapara Haor Project','new through import_export',23,1,1),
 (371,'2019-02-21 00:04:06.924983','300','Naluar Khal in Noapara Haor Project','new through import_export',23,1,1),
 (372,'2019-02-21 00:04:07.085891','301','Maharkona Khal in Noapara Haor Project','new through import_export',23,1,1),
 (373,'2019-02-21 00:04:07.225811','302','Nabinpur Khal in Noapara Haor Project','new through import_export',23,1,1),
 (374,'2019-02-21 00:04:07.413704','303','Jalalpur Khal in Noapara Haor Project','new through import_export',23,1,1),
 (375,'2019-02-21 00:04:07.680552','304','Kata Khal in Nunnir Haor Project','new through import_export',23,1,1),
 (376,'2019-02-21 00:04:07.830466','305','Mahinhandra Khal in Nunnir Haor Project','new through import_export',23,1,1),
 (377,'2019-02-21 00:04:07.989376','306','Samarbari Khal in Nunnir Haor Project','new through import_export',23,1,1),
 (378,'2019-02-21 00:04:08.141288','307','Kata Khali Khal in Nunnir Haor Project','new through import_export',23,1,1),
 (379,'2019-02-21 00:04:08.292203','308','Kurigai Gang in Nunnir Haor Project','new through import_export',23,1,1),
 (380,'2019-02-21 00:04:08.441117','309','Beri Gang in Nunnir Haor Project','new through import_export',23,1,1),
 (381,'2019-02-21 00:04:08.579057','310','Pangair Dair Khal in Naogaon Haor Project','new through import_export',23,1,1),
 (382,'2019-02-21 00:04:08.719958','311','Bera Khal in Naogaon Haor Project','new through import_export',23,1,1),
 (383,'2019-02-21 00:04:08.955852','312','Gokhra Khal in Naogaon Haor Project','new through import_export',23,1,1),
 (384,'2019-02-21 00:04:09.130724','313','Markhali Khal in Naogaon Haor Project','new through import_export',23,1,1),
 (385,'2019-02-21 00:04:09.280665','314','Nandir Khal in Naogaon Haor Project','new through import_export',23,1,1),
 (386,'2019-02-21 00:04:09.435550','315','Khaiyar Khal in Naogaon Haor Project','new through import_export',23,1,1),
 (387,'2019-02-21 00:04:09.581469','316','Neora Khal in Naogaon Haor Project','new through import_export',23,1,1),
 (388,'2019-02-21 00:04:09.729382','317','Berachapra River in Naogaon Haor Project','new through import_export',23,1,1),
 (389,'2019-02-21 00:04:09.899286','318','Atoplal River in Naogaon Haor Project','new through import_export',23,1,1),
 (390,'2019-02-21 00:04:10.041205','319','Shankir Khal in Dakhshiner Haor Project','new through import_export',23,1,1),
 (391,'2019-02-21 00:04:10.243093','320','Bantai River in Dakhshiner Haor Project','new through import_export',23,1,1),
 (392,'2019-02-21 00:04:10.385008','321','Chargaowdair Khal in Mokhar Haor Project','new through import_export',23,1,1),
 (393,'2019-02-21 00:04:10.557929','322','Chhotokatari Khal in Mokhar Haor Project','new through import_export',23,1,1),
 (394,'2019-02-21 00:04:10.707824','323','Rajendrapur Khal in Mokhar Haor Project','new through import_export',23,1,1),
 (395,'2019-02-21 00:04:10.869736','324','Islampur Khal in Mokhar Haor Project','new through import_export',23,1,1),
 (396,'2019-02-21 00:04:11.029641','325','Salukadar Khal in Mokhar Haor Project','new through import_export',23,1,1),
 (397,'2019-02-21 00:04:11.168566','326','Soay beel khal in Mokhar Haor Project','new through import_export',23,1,1),
 (398,'2019-02-21 00:04:11.307482','327','Chatal beel Khal in Mokhar Haor Project','new through import_export',23,1,1),
 (399,'2019-02-21 00:04:11.448408','328','Purohogun khal in Mokhar Haor Project','new through import_export',23,1,1),
 (400,'2019-02-21 00:04:11.681269','329','Ratna River in Mokhar Haor Project','new through import_export',23,1,1),
 (401,'2019-02-21 00:04:11.820191','330','Sutki River in Mokhar Haor Project','new through import_export',23,1,1),
 (402,'2019-02-21 00:04:11.952115','331','Narsua River in Ganesh Haor Project','new through import_export',23,1,1),
 (403,'2019-02-21 00:04:12.086038','332','Ichamati Khal in Ganesh Haor Project','new through import_export',23,1,1),
 (404,'2019-02-21 00:04:12.230958','333','Chapri Khal in Ganesh Haor Project','new through import_export',23,1,1),
 (405,'2019-02-21 00:04:12.375875','334','Ukhra Khal in Ganesh Haor Project','new through import_export',23,1,1),
 (406,'2019-02-21 00:04:12.528820','335','Juringa Khal in Dhakua Haor Project','new through import_export',23,1,1),
 (407,'2019-02-21 00:04:12.686697','336','Puknarai Khal in Dhakua Haor Project','new through import_export',23,1,1),
 (408,'2019-02-21 00:04:12.865619','337','Dariabaz Khal in Dhakua Haor Project','new through import_export',23,1,1),
 (409,'2019-02-21 00:04:13.019505','338','Dharam khal in Dharmapasha Rui Beel Project','new through import_export',23,1,1),
 (410,'2019-02-21 00:04:13.256382','339','Agunia Khal in Dharmapasha Rui Beel Project','new through import_export',23,1,1),
 (411,'2019-02-21 00:04:13.424276','340','Rui Beel Khal in Dharmapasha Rui Beel Project','new through import_export',23,1,1),
 (412,'2019-02-21 00:04:13.586182','341','Undani Khal in Dharmapasha Rui Beel Project','new through import_export',23,1,1),
 (413,'2019-02-21 00:04:13.720106','342','Dahar Gang in Dharmapasha Rui Beel Project','new through import_export',23,1,1),
 (414,'2019-02-21 00:04:13.867025','343','Kolma Khal in Dharmapasha Rui Beel Project','new through import_export',23,1,1),
 (415,'2019-02-21 00:04:14.007941','344','Khurma Khal in Dharmapasha Rui Beel Project','new through import_export',23,1,1),
 (416,'2019-02-21 00:04:14.150865','345','Baraia Khal in Dharmapasha Rui Beel Project','new through import_export',23,1,1),
 (417,'2019-02-21 00:04:14.364737','346','Dagar Khal in Dharmapasha Rui Beel Project','new through import_export',23,1,1),
 (418,'2019-02-21 00:04:14.497663','347','Rajapur Khal in Dharmapasha Rui Beel Project','new through import_export',23,1,1),
 (419,'2019-02-21 00:04:14.654582','348','Banni Khal-1 in Dharmapasha Rui Beel Project','new through import_export',23,1,1),
 (420,'2019-02-21 00:04:14.785499','349','Banni Khal-2 in Dharmapasha Rui Beel Project','new through import_export',23,1,1),
 (421,'2019-02-21 00:04:14.944408','350','Bir Khal in Dharmapasha Rui Beel Project','new through import_export',23,1,1),
 (422,'2019-02-21 00:04:15.086326','351','Banni Link Khal in Dharmapasha Rui Beel Project','new through import_export',23,1,1),
 (423,'2019-02-21 00:04:15.231245','352','Islam Beel Khal in Dharmapasha Rui Beel Project','new through import_export',23,1,1),
 (424,'2019-02-21 00:04:15.386157','353','Saitan Khal in Dharmapasha Rui Beel Project','new through import_export',23,1,1),
 (425,'2019-02-21 00:04:15.534092','354','Gobra Khal in Dharmapasha Rui Beel Project','new through import_export',23,1,1),
 (426,'2019-02-21 00:04:15.730959','355','Phuleswari Khal in Suniar Haor Project','new through import_export',23,1,1),
 (427,'2019-02-21 00:04:15.872906','356','Goalkhali Khal in Suniar Haor Project','new through import_export',23,1,1),
 (428,'2019-02-21 00:04:16.019794','357','Kalna in Suniar Haor Project','new through import_export',23,1,1),
 (429,'2019-02-21 00:04:16.174738','358','Suti Nadi in Suniar Haor Project','new through import_export',23,1,1),
 (430,'2019-02-21 00:04:16.330617','359','Mogar Khal in Chatal Haor Project','new through import_export',23,1,1),
 (431,'2019-02-21 00:04:16.465541','360','Mozilla Khal in Chatal Haor Project','new through import_export',23,1,1),
 (432,'2019-02-21 00:04:16.609458','361','Sajna Khal in Badla Haor Project','new through import_export',23,1,1),
 (433,'2019-02-21 00:04:16.752375','362','Chandrapur Khal in Badla Haor Project','new through import_export',23,1,1),
 (434,'2019-02-21 00:04:16.899293','363','Kanala Khal in Badla Haor Project','new through import_export',23,1,1),
 (435,'2019-02-21 00:04:17.075192','364','Kursi Khal in Badla Haor Project','new through import_export',23,1,1),
 (436,'2019-02-21 00:04:17.353034','365','Bamuna Khal in Badla Haor Project','new through import_export',23,1,1),
 (437,'2019-02-21 00:04:17.497951','366','Baduti Khal in Badla Haor Project','new through import_export',23,1,1),
 (438,'2019-02-21 00:04:17.653862','367','Burimara Khal in Badla Haor Project','new through import_export',23,1,1),
 (439,'2019-02-21 00:04:17.798780','368','Chouganga Khal in Badla Haor Project','new through import_export',23,1,1),
 (440,'2019-02-21 00:04:17.930705','369','Maora Khal in Badla Haor Project','new through import_export',23,1,1),
 (441,'2019-02-21 00:04:18.142583','370','Baur Khal in Jaliar Haor Project','new through import_export',23,1,1),
 (442,'2019-02-21 00:04:18.315486','371','Dora Nadi in Jaliar Haor Project','new through import_export',23,1,1),
 (443,'2019-02-21 00:04:18.465398','372','Rauli Nadi in Jaliar Haor Project','new through import_export',23,1,1),
 (444,'2019-02-21 07:58:26.542262','1',' XXX 111,','[{"added": {}}]',12,1,1),
 (445,'2019-02-21 07:58:56.579100','2',' XXX 222,','[{"added": {}}]',12,1,1),
 (446,'2019-02-21 07:59:22.605254','3',' XXX 333,','[{"added": {}}]',12,1,1),
 (447,'2019-02-21 07:59:51.004054','4',' XXX 444,','[{"added": {}}]',12,1,1),
 (448,'2019-02-21 08:00:27.285360','5',' XXX 555,','[{"added": {}}]',12,1,1),
 (449,'2019-02-21 08:26:26.489532','1','xxx','[{"added": {}}]',18,1,1),
 (450,'2019-02-21 08:27:46.125812','1','Package No W-02/Chandpur Haor','[{"changed": {"fields": ["package_short_name", "package_detail_name", "contractor_short_name"]}}]',18,1,2),
 (451,'2019-02-21 08:29:36.268983','2','Package No W-03/Nunnir Haor','[{"added": {}}]',18,1,1),
 (452,'2019-02-21 09:25:35.453780','2','Package No W-03/Nunnir Haor','[{"changed": {"fields": ["contractor_short_name", "start_date", "finish_date"]}}]',18,1,2),
 (453,'2019-02-21 09:26:33.805566','2','Package No W-03/Nunnir Haor','[{"changed": {"fields": ["start_date"]}}]',18,1,2),
 (454,'2019-02-21 09:27:20.662058','1','Package No W-02/Chandpur Haor','[{"changed": {"fields": ["start_date", "finish_date"]}}]',18,1,2),
 (455,'2019-02-21 10:43:02.913984','3','Package No.-04/Nunnir Haor(Part B+C)','new through import_export',18,1,1),
 (456,'2019-02-21 10:43:03.066872','4','Package No.-05/NunnirHaor(Part-A& C)','new through import_export',18,1,1),
 (457,'2019-02-21 10:43:03.220783','5','Package No.-06/NunnirHaor(Part-A)','new through import_export',18,1,1),
 (458,'2019-02-21 10:43:03.367700','6','Package No.-07/Boro Haor','new through import_export',18,1,1),
 (459,'2019-02-21 10:43:03.490633','7','Package No.-13/NaogaonHaor(Part-A)','new through import_export',18,1,1),
 (460,'2019-02-21 10:43:03.625555','8','Package No.-14/NaogaonHaor(Part-A)','new through import_export',18,1,1),
 (461,'2019-02-21 10:43:03.813445','9','Package No.-15/Naogaon Haor-Part-B','new through import_export',18,1,1),
 (462,'2019-02-21 10:43:03.990343','10','Package No.: PW-09/Boro Haor','new through import_export',18,1,1),
 (463,'2019-02-21 10:43:04.122270','11','Package No.: PW-10/Noapara Haor','new through import_export',18,1,1),
 (464,'2019-02-21 10:43:04.278180','12','Package No.-11/Noapara Haor','new through import_export',18,1,1),
 (465,'2019-02-21 10:43:04.403111','13','Package No.-16/ NaogaonHaor-Part-B','new through import_export',18,1,1),
 (466,'2019-02-21 10:43:04.534037','14','Package No.-17/ Naogaon Haor-Part-B','new through import_export',18,1,1),
 (467,'2019-02-21 10:43:04.667957','15','Package No.-24/ Dakshiner Haor','new through import_export',18,1,1),
 (468,'2019-02-21 10:43:04.800883','16','BWDB/ Kish/HFMLIP/PW-12 Noapara Haor','new through import_export',18,1,1),
 (469,'2019-02-21 10:43:04.934805','17','BWDB/Kish/HFMLIP/ PW-18 NaogaonHaor (Part A & B)','new through import_export',18,1,1),
 (470,'2019-02-21 10:43:05.134692','18','BWDB/ Kish/HFMLIP/PW-19 Naogaon Haor (Part A)','new through import_export',18,1,1),
 (471,'2019-02-21 10:43:05.390548','19','BWDB/Kish/HFMLIP/ PW-20 Nunnir, Boro & Noapara Haor','new through import_export',18,1,1),
 (472,'2019-02-21 10:43:05.519503','20','BWDB/Kish/HFMLIP/ PW-26 Sonai Haor ','new through import_export',18,1,1),
 (473,'2019-02-21 10:43:05.679380','21','BWDB/ Hobi/HFMLIP/PW-04 Mokhar Haor','new through import_export',18,1,1),
 (474,'2019-02-21 10:43:05.800312','22','BWDB/ Hobi/HFMLIP/PW-05 Mokhar Haor','new through import_export',18,1,1),
 (475,'2019-02-21 10:43:05.949226','23','BWDB/ Hobi/HFMLIP/PW-06 Mokhar Haor','new through import_export',18,1,1),
 (476,'2019-02-21 10:43:06.101143','24','BWDB/Hobi/HFMLIP/PW-07 Mokhar Haor','new through import_export',18,1,1),
 (477,'2019-02-21 10:43:06.254053','25','BWDB/ Netr/HFMLIP/PW-01 Dampara & Singer Beel (Re-hab. Haor)','new through import_export',18,1,1),
 (478,'2019-02-21 10:43:06.390975','26','BWDB/ Netr/HFMLIP/ PW-07 (New Haor) Dharmapasha','new through import_export',18,1,1),
 (479,'2019-02-21 10:43:06.590861','27','BWDB/Netr/HFMLIP/ PW-02 (Dampara, Kangsho& Singer Beel)','new through import_export',18,1,1),
 (480,'2019-02-21 10:43:06.780755','28','BWDB/Netr/ HFMLIP/ PW-03 (Dampara, Kangsho& Singer Beel)','new through import_export',18,1,1),
 (481,'2019-02-21 10:43:06.912676','29','BWDB/Kish/HFMLIP/ PW-25 Dakshiner Haor ','new through import_export',18,1,1),
 (482,'2019-02-21 10:43:07.077614','30','BWDB/Kish/HFMLIP/ PW-22 Badla Haor ','new through import_export',18,1,1),
 (483,'2019-02-21 10:43:07.234493','31','BWDB/Kish/HFMLIP/ PW-23 Chatal Haor ','new through import_export',18,1,1),
 (484,'2019-02-21 10:43:07.397439','32','BWDB/Hobi/HFMLIP/PW-01 Bashira River','new through import_export',18,1,1),
 (485,'2019-02-21 10:43:07.535324','33','BWDB/Hobi/HFMLIP/PW-02 Aralia Khal','new through import_export',18,1,1),
 (486,'2019-02-21 10:43:07.671244','34','BWDB/ Netr/ HFMLIP/ PW-04 Khalijuri Polder-2 & Polder-4','new through import_export',18,1,1),
 (487,'2019-02-21 10:43:07.812165','35','BWDB/ Netr/ HFMLIP/ PW-05 Ganesh Haor ','new through import_export',18,1,1),
 (488,'2019-02-21 10:43:07.941091','36','BWDB/ Netr/ HFMLIP/ PW-06 Ganesh Haor ','new through import_export',18,1,1),
 (489,'2019-02-21 10:43:08.079011','37','BWDB/ SUNAM/HFMLIP/PW-01 Dhakua Haor (Division-2)','new through import_export',18,1,1),
 (490,'2019-02-21 10:43:08.200942','38','BWDB/ SUNAM/H FMLIP/PW-02 Dhakua Haor (Division-2) ','new through import_export',18,1,1),
 (491,'2019-02-21 10:43:08.325872','39','BWDB/ SUNAM/H FMLIP/PW-03 Dharmapasha Rui Beel (Division-1)','new through import_export',18,1,1),
 (492,'2019-02-21 10:43:08.563749','40','BWDB/ SUNAM/H FMLIP/PW-04 Dharmapasha Rui Beel (Division-1)','new through import_export',18,1,1),
 (493,'2019-02-21 10:43:08.701656','41','BWDB/ SUNAM/H FMLIP/PW-06 Dharmapasha Rui Beel (Division-1)','new through import_export',18,1,1),
 (494,'2019-02-27 13:22:02.331768','5',' XXX YYY,','[{"changed": {"fields": ["farm_name", "last_name"]}}]',12,1,2),
 (495,'2019-02-27 13:30:15.818553','5',' ARC-GE(JV) ','[{"changed": {"fields": ["phone_number", "email", "address"]}}]',12,1,2),
 (496,'2019-02-27 13:31:29.574856','4',' MARCO-MONIR(JV) ','[{"changed": {"fields": ["farm_name", "phone_number", "email"]}}]',12,1,2),
 (497,'2019-02-27 13:32:44.936212','3',' PMPL-LA-TTSL (JV) ','[{"changed": {"fields": ["farm_name", "phone_number", "email"]}}]',12,1,2),
 (498,'2019-02-27 13:34:13.473935','2',' ARC-LT-JV ','[{"changed": {"fields": ["farm_name", "last_name", "phone_number", "email"]}}]',12,1,2),
 (499,'2019-02-27 13:35:50.764271','1',' AKA-UCL(JV) ','[{"changed": {"fields": ["farm_name", "last_name", "phone_number", "email"]}}]',12,1,2),
 (500,'2019-02-27 15:42:37.815379','6',' TI-FB JV ','[{"added": {}}]',12,1,1),
 (501,'2019-02-27 15:45:03.302582','7',' TI-FB JV ','[{"added": {}}]',12,1,1),
 (502,'2019-02-27 15:45:17.445850','6',' TI-FB JV ','',12,1,3),
 (503,'2019-03-05 12:29:41.640284','1','Earth Work for filling','[{"added": {}}]',13,1,1),
 (504,'2019-03-05 12:29:50.954911','1','Earth Work for filling','[]',13,1,2),
 (505,'2019-03-05 12:30:18.642387','2','Conccreting','[{"added": {}}]',13,1,1),
 (506,'2019-03-09 07:54:03.479428','7','consultant1','[{"added": {}}]',4,1,1),
 (507,'2019-03-09 07:54:25.010122','7','consultant1','[{"changed": {"fields": ["email"]}}]',4,1,2),
 (508,'2019-03-11 17:36:34.628678','8','ConstructionImage object (8)','',32,1,3),
 (509,'2019-03-11 17:36:34.759076','7','ConstructionImage object (7)','',32,1,3),
 (510,'2019-03-11 17:36:34.838816','6','ConstructionImage object (6)','',32,1,3),
 (511,'2019-03-11 17:36:34.908887','5','ConstructionImage object (5)','',32,1,3),
 (512,'2019-03-11 17:36:34.998830','4','ConstructionImage object (4)','',32,1,3),
 (513,'2019-03-11 17:36:35.078951','3','ConstructionImage object (3)','',32,1,3),
 (514,'2019-03-11 17:36:35.169139','2','ConstructionImage object (2)','',32,1,3),
 (515,'2019-03-11 17:36:35.248732','1','ConstructionImage object (1)','',32,1,3);
INSERT INTO "django_migrations" ("id","app","name","applied") VALUES (1,'contenttypes','0001_initial','2019-02-10 08:03:33.643747'),
 (2,'auth','0001_initial','2019-02-10 08:03:33.902078'),
 (3,'admin','0001_initial','2019-02-10 08:03:34.079826'),
 (4,'admin','0002_logentry_remove_auto_add','2019-02-10 08:03:34.252801'),
 (5,'admin','0003_logentry_add_action_flag_choices','2019-02-10 08:03:34.457756'),
 (6,'contenttypes','0002_remove_content_type_name','2019-02-10 08:03:34.686523'),
 (7,'auth','0002_alter_permission_name_max_length','2019-02-10 08:03:34.884832'),
 (8,'auth','0003_alter_user_email_max_length','2019-02-10 08:03:35.034900'),
 (9,'auth','0004_alter_user_username_opts','2019-02-10 08:03:35.237405'),
 (10,'auth','0005_alter_user_last_login_null','2019-02-10 08:03:35.409767'),
 (11,'auth','0006_require_contenttypes_0002','2019-02-10 08:03:35.480977'),
 (12,'auth','0007_alter_validators_add_error_messages','2019-02-10 08:03:35.636665'),
 (13,'auth','0008_alter_user_username_max_length','2019-02-10 08:03:35.810066'),
 (14,'auth','0009_alter_user_last_name_max_length','2019-02-10 08:03:35.978378'),
 (15,'sessions','0001_initial','2019-02-10 08:03:36.141641'),
 (16,'boards','0001_initial','2019-02-10 09:07:46.650776'),
 (17,'accounts','0001_initial','2019-02-18 13:46:41.709336'),
 (18,'accounts','0002_profile','2019-02-18 14:35:21.127128'),
 (19,'accounts','0003_auto_20190219_1833','2019-02-19 12:33:21.738066'),
 (20,'progress','0001_initial','2019-02-19 12:33:22.200008'),
 (21,'progress','0002_auto_20190220_1235','2019-02-20 09:27:57.798681'),
 (22,'progress','0003_auto_20190220_1303','2019-02-20 09:27:58.216041'),
 (23,'progress','0004_progress_quantity_user_id','2019-02-20 09:27:58.436848'),
 (24,'csvimport','0001_initial','2019-02-20 19:43:28.547060'),
 (25,'csvimport','0002_test_models','2019-02-20 19:43:28.954825'),
 (26,'progress','0005_auto_20190221_0507','2019-02-20 23:07:57.604279'),
 (27,'progress','0006_auto_20190221_1352','2019-02-21 07:53:17.256873'),
 (28,'progress','0007_document','2019-02-27 08:22:25.506443'),
 (29,'progress','0008_auto_20190227_1753','2019-02-27 11:53:38.320835'),
 (30,'progress','0009_auto_20190227_1820','2019-02-27 12:21:03.469151'),
 (31,'progress','0010_auto_20190227_1905','2019-02-27 13:05:20.913353'),
 (32,'progress','0011_auto_20190304_2238','2019-03-04 17:21:54.254152'),
 (33,'progress','0012_auto_20190305_2057','2019-03-05 14:57:26.415933'),
 (34,'progress','0013_auto_20190305_2234','2019-03-05 16:34:39.151350'),
 (35,'progress','0014_auto_20190309_0124','2019-03-08 19:24:16.894595'),
 (36,'progress','0015_auto_20190309_1907','2019-03-09 13:49:56.479850'),
 (37,'progress','0016_auto_20190309_1949','2019-03-09 13:49:56.729774');
COMMIT;
